date,asset,mvrv,mvrv_z,market_cap_usd,realized_cap_usd
2025-06-16,btc,2.258771912231857,2.4462671939304212,2131989041082.9204,943870883792.0405
2025-06-17,btc,2.2032072026463054,2.3362196294987996,2080031247224.1309,944092432489.2247
2025-06-17,eth,1.1164660283567658,0.21303589339966256,303718046989.70154,272035188958.4308
2025-06-18,btc,2.20581725377894,2.3400811895318108,2083754349621.3523,944663183702.7872
2025-06-18,eth,1.1217246890937038,0.2224120421481002,304824070958.46326,271745887312.81784
2025-06-19,btc,2.202308074044105,2.3321260415358873,2081735354703.727,945251656313.928
2025-06-19,eth,1.1243516642532525,0.22672847753839992,304896048951.9547,271174987902.4317
2025-06-20,btc,2.1712340906871987,2.270409603302913,2053259566502.6692,945664760566.1025
2025-06-20,eth,1.0792016900324102,0.1433038463756015,290416093063.01917,269102704105.56668
2025-06-21,btc,2.1341088047568837,2.1970890772886618,2018973708893.951,946050034746.9169
2025-06-21,eth,1.0283323927814427,0.05073180229832016,273849578471.5447,266304533819.88086
2025-06-22,btc,2.1199152283858615,2.16801940628562,2006104828133.7441,946313702204.6044
2025-06-22,eth,1.02067551907355,0.03666447042976925,269179370125.63007,263726684039.56595
2025-06-23,btc,2.2134869832042128,2.3497762734691396,2097553036699.808,947623840851.9664
2025-06-23,eth,1.1042345237811815,0.18574653636339813,292642074168.97095,265018044506.4239
2025-06-24,btc,2.220349702793955,2.363559055305597,2106879290466.0903,948895251867.271
2025-06-24,eth,1.1149620245463938,0.20471351307716548,295271718993.39923,264826704849.904
2025-06-25,btc,2.2450664068043222,2.4123052806459135,2133590293279.7937,950346184332.6024
2025-06-25,eth,1.1055781403432479,0.1876481103844889,292233583683.512,264326484958.16183
2025-06-26,btc,2.2341438252792543,2.3935854661579343,2127832022275.34,952414969080.7727
2025-06-26,eth,1.1063848594139747,0.1887341904327029,291909347649.57056,263840692653.89972
2025-06-27,btc,2.2307257878946083,2.3896476097203547,2129424160829.714,954588041428.2097
2025-06-27,eth,1.1093531810899604,0.19402797837734143,292735205406.5579,263879177881.7816
2025-06-28,btc,2.2355962704995864,2.397120575756319,2134775105838.6938,954901890832.7477
2025-06-28,eth,1.1172805449780585,0.20800067549975937,294697148139.543,263762892376.62363
2025-06-29,btc,2.255148786868359,2.43369137685261,2154782355944.395,955494541420.7728
2025-06-29,eth,1.142875959897951,0.2543244909768561,302560630256.9602,264736192617.0678
2025-06-30,btc,2.224449219216365,2.3774381059601213,2130813507683.646,957906114141.0524
2025-06-30,eth,1.1331817058043336,0.2377347407856826,300842902570.96735,265485138905.79333
2025-07-01,btc,2.190371437932748,2.309983907519394,2099304201259.4514,958423838488.6697
2025-07-01,eth,1.0929288092587792,0.16589616017117875,290180970290.13214,265507659631.4923
2025-07-02,btc,2.2572933277993874,2.4400525460109255,2166189082105.556,959640050067.1093
2025-07-02,eth,1.163616038877851,0.29482166793272896,311854385606.1351,268004543755.5812
2025-07-03,btc,2.2682210955541695,2.4623560745595423,2180261348919.5588,961220823310.8243
2025-07-03,eth,1.1639490678093147,0.2965168600864006,313113429406.9473,269009562416.9042
2025-07-04,btc,2.215345083660493,2.3791500205695533,2149474927394.7644,970266412780.7625
2025-07-04,eth,1.1290317086402593,0.23313060575873462,303421362691.9185,268744766307.17636
2025-07-05,btc,2.2180745576921685,2.382463191869515,2152777523697.925,970561389035.4602
2025-07-05,eth,1.1306084111875878,0.2364354554844059,304439906092.9139,269270866093.35507
2025-07-06,btc,2.236333996776805,2.416368874214708,2171431748655.0774,970978284900.5245
2025-07-06,eth,1.1503914129103168,0.2730112256648839,310647053068.45953,270035963048.9325
2025-07-07,btc,2.2137003448829926,2.3732883118371886,2152974456003.6628,972568153128.9008
2025-07-07,eth,1.1369600529685482,0.24892316392478223,307393016260.36597,270363954703.4019
2025-07-08,btc,2.2241472452865456,2.395301201730426,2167088930706.0298,974345981498.5564
2025-07-08,eth,1.1634423108368825,0.2985783750485175,316182143646.93555,271764350240.53812
2025-07-09,btc,2.268230580456622,2.485283121107967,2216077592572.942,977007193037.1466
2025-07-09,eth,1.2225741389129094,0.4106356001417653,335580027671.08435,274486443799.20874
2025-07-10,btc,2.3546017983970526,2.6559458535783307,2304791065533.2124,978845368716.8038
2025-07-10,eth,1.2773022209576999,0.5204190576693262,356694159142.51324,279255882664.22174
2025-07-11,btc,2.38212290459618,2.715199311574883,2339549198318.03,982127829678.3065
2025-07-11,eth,1.270370545815764,0.5115315055757151,357692989252.0122,281565871020.9791
2025-07-12,btc,2.37341147249211,2.6988735260166803,2334904957865.9663,983775879120.652
2025-07-12,eth,1.2570783514810824,0.488435462046113,355494502806.43207,282794228687.17017
2025-07-13,btc,2.4017092198498973,2.7533486268428438,2365138434871.7783,984773017201.3062
2025-07-13,eth,1.2605806631120322,0.4985593473017144,359037667464.4974,284819272555.0229
2025-07-14,btc,2.4125084332311304,2.7807410589868296,2384514902802.185,988396504632.5443
2025-07-14,eth,1.2656110904240074,0.51327202733414,364139739200.3519,287718511599.2916
2025-07-15,btc,2.3641951149221963,2.6874832027868205,2341603724126.479,990444362796.8241
2025-07-15,eth,1.298389647053158,0.5845438540068576,378786424327.2625,291735555029.23267
2025-07-16,btc,2.368875124533446,2.710926820566186,2361929035400.302,997067768975.5757
2025-07-16,eth,1.3647494371225393,0.7302507196353615,407018065674.8579,298236478142.84625
2025-07-17,btc,2.3749858049492363,2.729844164496489,2377326986317.6006,1000985766467.945
2025-07-17,eth,1.3891387767646064,0.7931278587056764,421906857995.1658,303718292982.80334
2025-07-18,btc,2.340384009446915,2.6620241727422114,2346681095678.7046,1002690620943.5594
2025-07-18,eth,1.3878872756032576,0.8030171930351808,428315726635.857,308609880762.60425
2025-07-19,btc,2.336414214135971,2.653954474381757,2345738980388.4785,1003991058689.8889
2025-07-19,eth,1.3924422238965708,0.8208688373630206,434343168642.6299,311929041786.1477
2025-07-20,btc,2.323370138320551,2.62582257127073,2333800285213.438,1004489231707.362
2025-07-20,eth,1.4317599372041279,0.917751710412995,454056117479.61456,317131458759.9605
2025-07-21,btc,2.3218439654227243,2.6238892517249233,2336377120095.049,1006259315823.438
2025-07-21,eth,1.4162554446766693,0.8966668029226801,455375520980.6891,321534877547.9209
2025-07-22,btc,2.3670956161477066,2.7177949898638363,2388869390105.647,1009198518982.2521
2025-07-22,eth,1.3942722083449235,0.8577510718836341,452966015411.6269,324876313750.32715
2025-07-23,btc,2.334400354595592,2.6546190507404943,2360720381637.463,1011274855656.2101
2025-07-23,eth,1.344791219392352,0.7532635282536905,438905928007.99817,326374772290.9131
2025-07-24,btc,2.3257901969225427,2.637633750253108,2355332989715.1543,1012702260432.4768
2025-07-24,eth,1.3599508221507184,0.7944196377301748,448584094510.7772,329853173515.0216
2025-07-25,btc,2.304027155259395,2.596501111002486,2338341954061.058,1014893400333.1222
2025-07-25,eth,1.3508158335547509,0.7819108815370905,450171802832.18445,333259199107.49866
2025-07-26,btc,2.3118305041157874,2.6100524545544,2347611467186.5117,1015477329764.0216
2025-07-26,eth,1.3518208702857906,0.7876113456043428,452696903330.7084,334879356637.6905
2025-07-27,btc,2.3388539623352456,2.6619128461246184,2376613162340.8374,1016144317094.4674
2025-07-27,eth,1.3853717253313553,0.868428629829124,467236283546.8535,337264197762.5891
2025-07-28,btc,2.3084821087206895,2.601119959890197,2348500100757.261,1017335196961.4132
2025-07-28,eth,1.3549039331166706,0.8020311728121933,458466391627.17053,338375570711.1761
2025-07-29,btc,2.3014237166265827,2.5883258638778694,2345531346596.11,1019165366920.864
2025-07-29,eth,1.349275714875779,0.7922448396913152,458471635348.2401,339790919152.83545
2025-07-30,btc,2.2955727612124828,2.576891318402239,2342821207080.475,1020582421374.8888
2025-07-30,eth,1.3479466887147058,0.7917330715719256,459688135624.7979,341028424546.31476
2025-07-31,btc,2.2576734658479003,2.499714724615348,2305380250657.8257,1021130949861.2584
2025-07-31,eth,1.312808975115935,0.7114279887920866,447673542191.0667,341004327877.582
2025-08-01,btc,2.2070884136924738,2.397018280604036,2254366450229.662,1021420998018.875
2025-08-01,eth,1.2462161107482712,0.5548016083146087,421177732400.66046,337965244365.0169
2025-08-02,btc,2.1923149563631275,2.3654489615428003,2239761344385.453,1021642140370.668
2025-08-02,eth,1.2208822817428142,0.49495769806669637,410448603878.7778,336190155280.8685
2025-08-03,btc,2.2240971442941064,2.427481631808447,2274006858315.076,1022440437976.8269
2025-08-03,eth,1.2606928256603642,0.5839812795375249,423840957939.1659,336196850899.9435
2025-08-04,btc,2.240631105189466,2.4591829716534743,2292700894182.6006,1023238894110.0287
2025-08-04,eth,1.3267453594442011,0.737871790241451,449850935279.61,339063507610.88104
2025-08-05,btc,2.2178999959543493,2.4130010709773932,2271085409335.222,1023980077315.4281
2025-08-05,eth,1.2948316420935637,0.662703070464767,437152709148.01685,337613551396.69073
2025-08-06,btc,2.2349723954934775,2.444876482591678,2289513376946.048,1024403425099.3636
2025-08-06,eth,1.3181817213453095,0.715448414268295,445380562456.3613,337874934270.6823
2025-08-07,btc,2.2781308995532936,2.5312373198276554,2337542919612.1343,1026079282832.4705
2025-08-07,eth,1.384462084308368,0.8723468507802968,472271238830.4314,341122551627.2356
2025-08-08,btc,2.2621480824612368,2.4990837888460216,2323576464429.9355,1027154889834.5612
2025-08-08,eth,1.4126161866441191,0.9433813834409059,485830870622.49603,343922769125.74524
2025-08-09,btc,2.2569920501462186,2.4866313948706504,2319060106526.3325,1027500343377.8568
2025-08-09,eth,1.4762260035506485,1.1048891733246229,515558906269.6335,349241176506.5788
2025-08-10,btc,2.307419605120224,2.58468021825921,2372404472102.317,1028163437130.3293
2025-08-10,eth,1.4607411838698399,1.0762361135973122,513972322797.8074,351857213634.64014
2025-08-11,btc,2.296376996154095,2.5622651778979124,2363558608736.02,1029255480565.4467
2025-08-11,eth,1.433047219538138,1.0253165527008359,511434028978.87537,356885678298.65875
2025-08-12,btc,2.320647620011929,2.610255394792515,2391721499773.6064,1030626743650.6849
2025-08-12,eth,1.5154514457597223,1.2544725367447966,556419913286.0765,367164461021.14044
2025-08-13,btc,2.379739102823155,2.728329832628887,2457237741182.5483,1032566023001.1997
2025-08-13,eth,1.5323185482003696,1.324963627296091,575958409420.3792,375873809069.8002
2025-08-14,btc,2.2824160062100023,2.535206417805494,2359113701739.5273,1033603731887.9844
2025-08-14,eth,1.4585688029660178,1.1477681430264552,551766004363.0055,378292750565.4738
2025-08-15,btc,2.25769289975179,2.485109046180439,2335293822741.0723,1034371779703.8799
2025-08-15,eth,1.4100552906408679,1.0304375012661242,535955491246.91785,380095372716.43225
2025-08-16,btc,2.2532741501991906,2.4814263376422003,2338359865805.9937,1037760924741.129
2025-08-16,eth,1.3989685999280346,1.0081041083103497,535081943746.3891,382483169224.7522
2025-08-17,btc,2.2553050008051305,2.483151130140583,2341193300487.992,1038082786874.5913
2025-08-17,eth,1.409198687490489,1.0407316899206582,542962502798.62054,385298757101.1239
2025-08-18,btc,2.229656237704237,2.4305752748129215,2315587399840.938,1038540094514.8297
2025-08-18,eth,1.3584752370444682,0.9101217764753615,522867344082.58716,384892804686.04645
2025-08-19,btc,2.162405961142789,2.2968101069415128,2247412798253.2153,1039311229546.1403
2025-08-19,eth,1.2961221362088042,0.7459861561423298,495289791946.0688,382132036873.31976
2025-08-20,btc,2.187593393945847,2.345528223120865,2275160487370.7715,1040028962268.4297
2025-08-20,eth,1.3606405430950606,0.9164248865058818,524841310497.8313,385731053775.57715
2025-08-21,btc,2.1500922222394157,2.2696307959848094,2236783852817.8076,1040319959154.17
2025-08-21,eth,1.3289622472164153,0.8326267066782714,510929069252.7913,384457173499.81946
2025-08-22,btc,2.2309603181709265,2.4311245840090185,2325511927795.841,1042381573914.5165
2025-08-22,eth,1.4855245644189852,1.2565880535546419,584570930656.8203,393511453568.8989
2025-08-23,btc,2.2012721767196215,2.3705081460250814,2295292829364.3667,1042711961582.5321
2025-08-23,eth,1.4647197991528078,1.2053803890115133,578202046976.6125,394752666899.8698
2025-08-24,btc,2.167328504514984,2.3013088320757675,2260221423070.1265,1042860562375.1212
2025-08-24,eth,1.4666206902744452,1.2098521850843877,579289740429.4108,394982659300.2787
2025-08-25,btc,2.101608862718138,2.169889332735845,2192043056874.9922,1043030934899.9843
2025-08-25,eth,1.3589437060100622,0.9177980036480046,529718918222.888,389801958594.86597
2025-08-26,btc,2.1348985660008872,2.234383219224157,2228050864513.084,1043633126180.1775
2025-08-26,eth,1.415530950835455,1.071432367836728,556892536687.8601,393416008572.0335
2025-08-27,btc,2.1218251202374474,2.2072354428998704,2215299879192.93,1044053941139.6083
2025-08-27,eth,1.3878242399224507,0.9981478665802269,545416021449.225,393000789119.883
2025-08-28,btc,2.1427891220239426,2.2487310097209,2239825028488.768,1045284860496.7583
2025-08-28,eth,1.38177927277473,0.9854802214851561,545065790485.0083,394466613607.88104
2025-08-29,btc,2.0585239707912053,2.0889537676390515,2160073624922.7144,1049331295419.6389
2025-08-29,eth,1.3423557667024508,0.8813440672851367,528466885071.4958,393686158453.8764
2025-08-30,btc,2.063022252855391,2.096531082856338,2165560101759.112,1049702735276.7526
2025-08-30,eth,1.3444044523851473,0.8857350703382888,529121504931.1502,393573157238.8207
2025-08-31,btc,2.054653984489101,2.0782903421421093,2157047700591.8176,1049835016930.1997
2025-08-31,eth,1.3523435205371321,0.905249425880074,532098942891.1956,393464334180.30743
2025-09-01,btc,2.0664722780336136,2.1006042717040043,2170562178247.0278,1050370818578.0565
2025-09-01,eth,1.332516531553125,0.8475278421165342,520483348377.8213,390601794464.1691
2025-09-02,btc,2.1061331661206095,2.177666031479657,2213408214876.6616,1050934599236.9739
2025-09-02,eth,1.3433488836623444,0.8718994429627553,523127326291.6469,389420300752.73944
2025-09-03,btc,2.117352868701102,2.198466305173117,2226197825443.4536,1051406148852.7998
2025-09-03,eth,1.3807354641341267,0.9690168477551447,539300627146.07623,390589393229.12024
2025-09-04,btc,2.0988399671512004,2.161799650208084,2208718286409.0063,1052351928197.2441
2025-09-04,eth,1.339848231813719,0.86298855740793,522492017198.68475,389963583033.1323
2025-09-05,btc,2.0909910896315393,2.148626319520513,2204995555466.33,1054521736797.4915
2025-09-05,eth,1.3422489414699732,0.8653383194411479,521518773513.6837,388541020522.27277
2025-09-06,btc,2.081547548704114,2.1285931713787956,2195731190133.2996,1054855168454.005
2025-09-06,eth,1.3340628619899346,0.8430607231272816,517703668054.90485,388065422406.4674
2025-09-07,btc,2.1007955085878978,2.1652055858326733,2216979188518.479,1055304611731.9039
2025-09-07,eth,1.345470547659487,0.8717673994411199,522429093419.80914,388287275651.33295
2025-09-08,btc,2.114485395928852,2.191482788939646,2233059460443.7983,1056077031670.7999
2025-09-08,eth,1.3396054984151284,0.8579817926799936,521110641844.5526,389003062812.9494
2025-09-09,btc,2.1019000165432096,2.165406740837907,2220650635482.8477,1056496797185.8793
2025-09-09,eth,1.3421851489683323,0.8632114451696898,521680446455.2863,388679942447.78735
2025-09-10,btc,2.145924375428194,2.251742346723972,2269399173047.3105,1057539212021.15
2025-09-10,eth,1.351423063891074,0.887812640582189,526396471075.49695,389512718215.6224
2025-09-11,btc,2.1718284060122492,2.302956605968787,2299632025705.3936,1058846094534.6083
2025-09-11,eth,1.3797276515387595,0.9634476092802821,540131705879.6294,391477046413.64575
2025-09-12,btc,2.1834524058125826,2.3249682973377506,2313686238824.6797,1059645830916.8547
2025-09-12,eth,1.435994751380515,1.119297897209395,569305164773.3231,396453513653.87177
2025-09-13,btc,2.178678922337634,2.3144881914647284,2310081098621.0854,1060312777131.2269
2025-09-13,eth,1.4203622408914494,1.0816788203948777,564896443111.173,397712940296.5768
2025-09-14,btc,2.1673601179200923,2.290474220573467,2298787740172.204,1060639494639.3295
2025-09-14,eth,1.3996129879020625,1.030091338148351,558073718522.1863,398734309659.9196
2025-09-15,btc,2.1656665085615017,2.2870093652839825,2299344522409.3853,1061726038297.8708
2025-09-15,eth,1.3707850225769584,0.9570138844013205,547701233878.8934,399552975016.65283
2025-09-16,btc,2.1888797241350617,2.33282164262478,2326853447391.834,1063033944595.2394
2025-09-16,eth,1.3609723432797687,0.934136559641553,545619592956.09,400904247356.869
2025-09-17,btc,2.1818070259413114,2.31949378749335,2322455565668.094,1064464243654.226
2025-09-17,eth,1.378214337665614,0.984665659936867,556311198668.4489,403646358527.0164
2025-09-18,btc,2.1884252567803575,2.3316366316809316,2331252233409.75,1065264726856.3888
2025-09-18,eth,1.36533595922523,0.9575478982041323,555265691225.2505,406687956523.41864
2025-09-19,btc,2.1584515968726663,2.2743877880278887,2303380117357.975,1067144670140.0636
2025-09-19,eth,1.3293452117599824,0.8622598854001862,540419588737.3651,406530661830.02856
2025-09-20,btc,2.1600824520314994,2.2762407919744443,2306240531509.283,1067663194680.5206
2025-09-20,eth,1.3331867268915938,0.8731498625680145,542894831594.0307,407215899051.00775
2025-09-21,btc,2.1511992423053936,2.2573197171100214,2297685720787.1865,1068095263144.8524
2025-09-21,eth,1.326960142368451,0.8542320834255479,539102920484.23816,406269113345.0397
2025-09-22,btc,2.1030843290113816,2.1605944087046645,2246071879030.526,1067989451514.9375
2025-09-22,eth,1.2665006094158267,0.6885007010316608,509094282384.7151,401969236019.1874
2025-09-23,btc,2.0884207525288683,2.1319309555578485,2232666827933.7944,1069069451273.2928
2025-09-23,eth,1.2629927926793985,0.675422834417439,504969987710.93616,399820165750.63635
2025-09-24,btc,2.1098438050041244,2.174106503199469,2258070460054.122,1070254800236.1283
2025-09-24,eth,1.2612175983698526,0.6686607404238828,502884490649.67426,398729363830.3667
2025-09-25,btc,2.0312424703115273,2.0195071683441634,2175262082033.533,1070902225523.0404
2025-09-25,eth,1.1924299209623916,0.4859519596827403,469261997408.45197,393534235563.05756
2025-09-26,btc,2.0392977420667635,2.0347424858025716,2185325262398.9812,1071606768016.2405
2025-09-26,eth,1.2379764388055823,0.6019260818877166,488202409658.5614,394355170547.17633
2025-09-27,btc,2.0384097258593887,2.0316172306731284,2184892732482.258,1071861414692.3345
2025-09-27,eth,1.2404248736696706,0.6048884874661408,486808933719.7324,392453379525.9666
2025-09-28,btc,2.0843982136269275,2.1205577663018973,2235271817040.964,1072382331949.6666
2025-09-28,eth,1.2783500916250625,0.6988317922118897,500910192596.6815,391841167672.5545
2025-09-29,btc,2.122720877587773,2.19539719691476,2278587184195.7275,1073427603343.252
2025-09-29,eth,1.3044416201308453,0.7638185186205156,511084876371.6082,391803564440.34845
2025-09-30,btc,2.112807213335253,2.1770161193277753,2271283160078.364,1075007291599.0013
2025-09-30,eth,1.2847485322034904,0.7113456313847343,501482753377.2509,390335338634.0522
2025-10-01,btc,2.186155026712077,2.3271289363209755,2359453334064.128,1079270822624.4537
2025-10-01,eth,1.3374275888773748,0.8477893262313178,525380272514.5305,392828947812.8159
2025-10-02,btc,2.221772196583208,2.3989885565901248,2402657193347.1167,1081414735967.1194
2025-10-02,eth,1.3710325767259093,0.9381429637286994,542386373948.00616,395604293548.7722
2025-10-03,btc,2.249202943238196,2.4560017486050945,2438366592566.05,1084102526139.9994
2025-10-03,eth,1.3755253169834114,0.954433542825906,547388366508.82794,397948594439.01416
2025-10-04,btc,2.247639041410611,2.4523868131102544,2439047951286.792,1085159986256.5359
2025-10-04,eth,1.3585880831646375,0.9157729619846645,543636835032.4197,400148390648.3966
2025-10-05,btc,2.266766621760195,2.4890740715033153,2461906048933.391,1086087127496.9039
2025-10-05,eth,1.3593569415995845,0.9225655054437001,547202768371.77344,402545315086.9029
2025-10-06,btc,2.287145426879909,2.52986478764215,2487877501840.4595,1087765330792.4482
2025-10-06,eth,1.396833118049456,1.0296148671192933,568735399164.7352,407160591924.4812
2025-10-07,btc,2.2193474280974277,2.4030297151413937,2423418149849.95,1091950777588.4668
2025-10-07,eth,1.3350407429337767,0.864052814947042,540675451119.5154,404987978068.2731
2025-10-08,btc,2.248606081441407,2.4617690895618174,2459404708298.7583,1093746356285.8572
2025-10-08,eth,1.3575253423015725,0.9193605735394306,548581315963.78595,404103922681.62854
2025-10-09,btc,2.2125534313089377,2.3917284655727378,2423831591781.3975,1095490647811.1439
2025-10-09,eth,1.310788211262845,0.7978891104973215,529179236681.2731,403710707904.1007
2025-10-10,btc,2.070562788244427,2.1088180329686024,2267440411130.1865,1095084111432.6636
2025-10-10,eth,1.1802499814321767,0.4547200382909891,468396010905.44336,396861697330.4819
2025-10-11,btc,2.019478996261419,2.0062632058490113,2211386055650.581,1095028004621.2078
2025-10-11,eth,1.1558212049171686,0.3891040188584649,454210460854.96625,392976404068.92957
2025-10-12,btc,2.0951257451651712,2.154095301401085,2295412681254.402,1095596618270.4899
2025-10-12,eth,1.2720055104401529,0.6822970048072866,502392085861.18036,394960620640.18677
2025-10-13,btc,2.09746317757528,2.157536128789604,2299042274620.2715,1096106143459.4631
2025-10-13,eth,1.3012038185122388,0.7563206320110758,514754026988.7703,395598306480.0149
2025-10-14,btc,2.056829337301677,2.0799321140293676,2259130837540.7417,1098355997053.4362
2025-10-14,eth,1.2740120458425583,0.6834720116265832,500911234385.97986,393176215264.6728
2025-10-15,btc,2.0058910258061653,1.9840754155834015,2210057728189.6875,1101783546442.3936
2025-10-15,eth,1.2392827967837299,0.5909235921760893,482640808854.31934,389451713609.59845
2025-10-16,btc,1.9578568178170297,1.8865161517210256,2155730124531.7385,1101066280697.3462
2025-10-16,eth,1.2210034962839864,0.5406482839011235,471244413592.02673,385948455533.679
2025-10-17,btc,1.9292830315776204,1.8299901800059968,2125692786495.2764,1101804531374.0447
2025-10-17,eth,1.2144339241812585,0.5202321720591132,465009150175.46686,382901976728.7583
2025-10-18,btc,1.9381495183779993,1.8464792505582757,2136079787337.2744,1102123322830.5933
2025-10-18,eth,1.2338743572501154,0.565526123875015,471089899605.6836,381797301190.03534
2025-10-19,btc,1.965929731213064,1.9000641357360164,2167282843823.2817,1102421317208.512
2025-10-19,eth,1.2604541072528594,0.6320306556446187,483162898307.91974,383324466577.3401
2025-10-20,btc,2.0002412420408935,1.9665119672633786,2205884225808.899,1102809090946.5415
2025-10-20,eth,1.2550768973265398,0.6204188034862745,482435263713.82074,384387016238.9764
2025-10-21,btc,1.9642552693241937,1.895096032653756,2167259172744.412,1103349043574.19
2025-10-21,eth,1.229187055490027,0.554575168524905,470240117002.9483,382561885030.1695
2025-10-22,btc,1.9422693938130509,1.8535829224145932,2146719730211.5247,1105263634926.0996
2025-10-22,eth,1.2103017621199867,0.5056762167405392,460273821256.0969,380296745540.4451
2025-10-23,btc,1.9838505829202955,1.9353015005148317,2194487262066.237,1106175677220.548
2025-10-23,eth,1.2295802583840225,0.5513291291320467,467194342744.14856,379962462440.76764
2025-10-24,btc,2.0002399703642184,1.9668290295220818,2213770533718.3887,1106752472962.1763
2025-10-24,eth,1.2526147982847213,0.6071104638132805,476513834700.0374,380415300340.1809
2025-10-25,btc,2.010123020095332,1.9852688413711888,2225582464720.749,1107187193257.0566
2025-10-25,eth,1.2574880327521292,0.6196310039763757,479200662014.84955,381077711702.81
2025-10-26,btc,2.061141989497095,2.0855970566471362,2284309527542.655,1108273733290.937
2025-10-26,eth,1.3118738969548085,0.7574361263201946,504806272044.36145,384797862977.64185
2025-10-27,btc,2.0506486983041583,2.06513997423087,2275003395344.211,1109406695171.9175
2025-10-27,eth,1.2941643583535154,0.7156268373567067,499079946980.8248,385638766636.8537
2025-10-28,btc,2.0269852854220023,2.0205778457599655,2252984353654.2144,1111495169628.3088
2025-10-28,eth,1.2549389603314474,0.6184335353985825,482787592345.05597,384710019854.30817
2025-10-29,btc,1.9748570714184714,1.9186983344877129,2197702746667.2083,1112841419500.1335
2025-10-29,eth,1.2333472314258809,0.5639628111085307,472919508994.3674,383443929612.2812
2025-10-30,btc,1.9325248327320044,1.8369310796399398,2154151737669.539,1114682565100.1965
2025-10-30,eth,1.2030309789333915,0.4884862987253634,459386731074.0357,381857773505.8231
2025-10-31,btc,1.9596274069163773,1.8891155264186394,2184801299729.3167,1114906482741.6697
2025-10-31,eth,1.221343427292749,0.5326773003757562,466674956537.5447,382099699485.8231
2025-11-01,btc,1.9663440701835697,1.9020788674483442,2193843993697.2566,1115696905217.8384
2025-11-01,eth,1.227233383164807,0.5469283957971415,469175676879.07587,382303548220.9251
2025-11-02,btc,1.9727764696344197,1.9135745849035808,2201553067373.587,1115966811881.917
2025-11-02,eth,1.2334970106757845,0.5620090358180461,471763503301.05914,382460191810.7596
2025-11-03,btc,1.9020882532144816,1.774227816554299,2123952747606.4512,1116642586913.1067
2025-11-03,eth,1.1521551803453443,0.3620438935788617,435746640426.4341,378201346363.62476
2025-11-04,btc,1.8116855886218344,1.5940544256521492,2021361084102.2122,1115735035260.6602
2025-11-04,eth,1.074191216060715,0.1728376774071914,397827196184.43787,370350446211.38666
2025-11-05,btc,1.8570557344204919,1.6824374979505694,2072586206255.7363,1116060314098.49
2025-11-05,eth,1.1267134701760295,0.2938300961998877,415444045571.6068,368722001261.5105
2025-11-06,btc,1.8097201631689654,1.5880894799943528,2019291779031.2815,1115803327015.6748
2025-11-06,eth,1.0985282477097797,0.2257965214822017,400381677304.19257,364470989379.5734
2025-11-07,btc,1.8428465053331913,1.6572761315249047,2062955975009.2612,1119439936554.17
2025-11-07,eth,1.143146043553386,0.3279989058356184,416678408785.1357,364501466050.5855
2025-11-08,btc,1.8227583856026046,1.617237411645493,2041184690228.7856,1119832834868.001
2025-11-08,eth,1.13743368168896,0.31341372871991857,412716662973.3284,362848990334.5318
2025-11-09,btc,1.8641651761462625,1.6978496556486065,2088114606816.7803,1120133898828.3657
2025-11-09,eth,1.19314354005692,0.4408786209238953,433463775210.11835,363295580672.07874
2025-11-10,btc,1.8875443600732529,1.7438921880372065,2116024994695.1907,1121046498008.1692
2025-11-10,eth,1.1938430989058912,0.44138514928451705,432767815952.66315,362499742511.62256
2025-11-11,btc,1.831888197421843,1.6337600307832691,2054077570641.485,1121289810989.746
2025-11-11,eth,1.150784730980227,0.3410687623958855,414491265224.155,360181408447.34314
2025-11-12,btc,1.808509903130079,1.5871647860672307,2028344694814.6987,1121555757756.2283
2025-11-12,eth,1.1497701586682747,0.33809484048103056,413386125580.0557,359538054161.0696
2025-11-13,btc,1.7800126434105845,1.52960333475009,1995541058582.6362,1121082519256.2058
2025-11-13,eth,1.1015430981759484,0.2278046485848746,393656664060.2006,357368372342.4521
2025-11-14,btc,1.6842606972655323,1.3390022026911494,1885228171827.7969,1119320883571.3757
2025-11-14,eth,1.0636172619284496,0.14163418508269293,377257068257.4543,354692502426.52856
2025-11-15,btc,1.7025099652616347,1.3741825245485804,1905978900419.6958,1119511156650.8762
2025-11-15,eth,1.0837024152713384,0.18625919482538977,384247199273.7686,354568923958.29944
2025-11-16,btc,1.6785525812642026,1.3264403706226775,1878914593268.8345,1119365943159.0334
2025-11-16,eth,1.0629000554573136,0.13911901493954046,374628597527.6128,352458912391.74744
2025-11-17,btc,1.6392867114437717,1.2481698847731624,1833647459773.5803,1118564218798.9365
2025-11-17,eth,1.0476501395254318,0.10441144595412362,365861441889.70056,349221011945.29474
2025-11-18,btc,1.654516965238705,1.2782604531961244,1852139344559.2622,1119444154077.952
2025-11-18,eth,1.0860881945616565,0.1879293108229751,377909363532.31415,347954581796.0371
2025-11-19,btc,1.628739580213074,1.2264154223772956,1821934169118.56,1118616009122.9636
2025-11-19,eth,1.0599863572645432,0.12977353741353775,365551434223.1072,344864282184.22406
2025-11-20,btc,1.5515619978194948,1.0744343988585727,1734002173123.256,1117584843892.9
2025-11-20,eth,1.011699170211347,0.02501616723591201,344870222788.859,340882184095.11456
2025-11-21,btc,1.5202473672522108,1.0105777432094047,1694872634959.5803,1114866351009.0454
2025-11-21,eth,0.9927513433102657,-0.015308148668177786,334240658403.18225,336681144433.08453
2025-11-22,btc,1.5063202250156786,0.990237789436969,1691457951396.948,1122907283130.5457
2025-11-22,eth,1.0029319732777204,0.006162508462425003,336077291649.92664,335094802643.07416
2025-11-23,btc,1.5408129016405958,1.059187773754839,1733345556623.2832,1124955245882.0188
2025-11-23,eth,1.023363011322608,0.04864683594408775,339738816520.97046,331982700920.4559
2025-11-24,btc,1.5674035927405894,1.1108817519265282,1763416908269.0103,1125056058590.3044
2025-11-24,eth,1.0775534574695178,0.16191114219060915,358707304068.74744,332890495206.7259
2025-11-25,btc,1.550709768072391,1.0777421200598194,1744631418276.2942,1125053478217.8857
2025-11-25,eth,1.0797946050079854,0.16645157305979577,359184729502.18036,332641715226.5028
2025-11-26,btc,1.6019179596137354,1.1790999965324673,1804832328647.09,1126669638613.8792
2025-11-26,eth,1.0996913666523067,0.20843851710387537,366688321005.6206,333446576126.07935
2025-11-27,btc,1.6180110246025807,1.2097847796727574,1822570878701.4705,1126426736893.9185
2025-11-27,eth,1.0976426316600838,0.20389040311133605,365566554855.40924,333046972039.09015
2025-11-28,btc,1.6124043653578792,1.197882151032802,1815707797825.4546,1126087126055.66
2025-11-28,eth,1.1024352071672745,0.2143910471660216,368047002681.9534,333849100871.5662
2025-11-29,btc,1.609812435967487,1.1922548057998654,1812792296530.6702,1126089136863.4468
2025-11-29,eth,1.0854834986821598,0.17905363530020965,362707360811.5632,334143597071.6377
2025-11-30,btc,1.605936798624271,1.1839531317084702,1808162595802.9395,1125923882777.8936
2025-11-30,eth,1.08655988013605,0.18179871378152931,364083336836.0106,335078943638.54395
2025-12-01,btc,1.533958697259218,1.0424085991104768,1726317990661.397,1125400568963.0852
2025-12-01,eth,1.0220156402806948,0.045919090237855474,340104024042.059,332777709692.0455
2025-12-02,btc,1.6233866164835693,1.2161731533656048,1826602868895.4963,1125180440905.7625
2025-12-02,eth,1.0866518668674126,0.18200589885394733,364192408302.7602,335150952579.36646
2025-12-03,btc,1.6594397707736588,1.286545541853097,1868172884023.0815,1125785290268.2378
2025-12-03,eth,1.1446799117162092,0.30634699487032296,386799038870.8323,337910218316.75867
2025-12-04,btc,1.6346860768202705,1.2375792898596467,1840201008281.7026,1125721344529.4597
2025-12-04,eth,1.1242856578166305,0.26343475229353275,380347811258.19977,338301755086.72546
2025-12-05,btc,1.5845510954223285,1.1380920131056091,1781843133868.4385,1124509735922.101
2025-12-05,eth,1.0854143304498969,0.1806357631950242,366406539378.3541,337572970154.6147
2025-12-06,btc,1.5825974776524672,1.1338174308667972,1779687642907.6235,1124535877276.5823
2025-12-06,eth,1.0902969783233383,0.19102014889736796,368204877620.9787,337710628334.681
2025-12-07,btc,1.5985004613781386,1.1642995976215358,1797661174713.3093,1124592215108.5684
2025-12-07,eth,1.09387929995346,0.19870598284679508,369653376077.3295,337928852015.9919
2025-12-08,btc,1.6096177386431436,1.1851330903742952,1809784214638.7227,1124356529621.942
2025-12-08,eth,1.1183246110235856,0.2511389239706182,379005506574.6667,338904735564.89886
2025-12-09,btc,1.6469894512126808,1.2576055622796525,1852449129111.1501,1124748630142.8276
2025-12-09,eth,1.1783520301817805,0.3822808002910588,403365178179.8849,342312965776.16034
2025-12-10,btc,1.6325770870501284,1.2304496428776746,1838403661519.9917,1126074643643.1785
2025-12-10,eth,1.1717920313453785,0.3706516850646415,403843445405.1966,344637473717.52374
2025-12-11,btc,1.6416453987249757,1.2476355140367297,1848845102345.1628,1126214652555.9746
2025-12-11,eth,1.1395432720271008,0.3009679925194621,392654017979.9155,344571397698.1625
2025-12-12,btc,1.6020026597826393,1.1693336346413705,1803133614920.0461,1125549701125.1506
2025-12-12,eth,1.0934192086046814,0.20025969563850113,374508334498.4254,342511208465.3585
2025-12-13,btc,1.6004071227927794,1.1657832352846955,1801450466366.039,1125620125473.0923
2025-12-13,eth,1.1017244201829017,0.21829486817043736,377799572733.1789,342916582234.2931
2025-12-14,btc,1.5625992937931457,1.0917300227169475,1758590278128.858,1125426259383.4612
2025-12-14,eth,1.0833786996325725,0.178776370824275,371237387671.63336,342666315848.31635
2025-12-15,btc,1.5334507834438562,1.0335813111206584,1723816451955.622,1124142013925.115
2025-12-15,eth,1.053660718232772,0.11448846688460687,359300160897.8019,341001761459.25775
2025-12-16,btc,1.5583000660090016,1.081314850054775,1751801294180.2544,1124174562006.4263
2025-12-16,eth,1.054749605244473,0.11652923313344972,358830276026.71704,340204228797.5508
2025-12-17,btc,1.529104503632707,1.0238152378149838,1718043516230.1733,1123561870459.8687
2025-12-17,eth,1.0218032870071754,0.045770551680453755,342876520881.34674,335560205414.5075
2025-12-18,btc,1.5183951212093738,1.0024721065317965,1705597646267.5623,1123289730349.69
2025-12-18,eth,1.0283622113470048,0.059155788424681256,342870364727.8016,333414006217.4118
2025-12-19,btc,1.5669393446155329,1.0959478623964134,1760216458448.1538,1123346902033.4312
2025-12-19,eth,1.0824015967744918,0.1721661875798282,361546424647.18427,334022442062.7024
2025-12-20,btc,1.5699331395911071,1.1007526919188404,1762740177172.656,1122812260420.0623
2025-12-20,eth,1.083646266377488,0.17426169578391926,360946163752.47046,333084858917.17633
2025-12-21,btc,1.5740329131051052,1.1083607316419775,1767589418993.3657,1122968525166.6245
2025-12-21,eth,1.0931017423756033,0.19391606439392342,364044914461.0618,333038454105.74005
2025-12-22,btc,1.5730377244463174,1.1059640620636422,1766450526025.6116,1122954967051.011
2025-12-22,eth,1.095242623393094,0.1982264628732856,364517403925.23785,332818862359.42145
2025-12-23,btc,1.5534926720508597,1.067726141712241,1744358815963.0422,1122862596873.5396
2025-12-23,eth,1.081604620434262,0.16959779510074113,359489481259.6268,332366813591.54376
2025-12-24,btc,1.5586263806194098,1.0768642113878117,1749587093886.6082,1122518594347.9983
2025-12-24,eth,1.076932207807045,0.15967692564579103,357492727175.5709,331954717840.1626
2025-12-25,btc,1.551577942876589,1.0629002233779612,1741750562100.1096,1122567235565.9717
2025-12-25,eth,1.0628232460037748,0.13025687597819194,352463674566.0432,331629625049.4237
2025-12-26,btc,1.5547999122682274,1.0677598615302388,1743859786142.6816,1121597558877.2983
2025-12-26,eth,1.0692344478443017,0.1437072336168986,355003551237.8506,332016567511.0619
2025-12-27,btc,1.5611304886162418,1.0795930477016065,1751097507772.871,1121685548095.9907
2025-12-27,eth,1.0769931301507032,0.1595315816652207,356979274170.5482,331459193356.78235
2025-12-28,btc,1.5623713813655937,1.0813551804203383,1752183001305.312,1121489437276.951
2025-12-28,eth,1.0794373651705642,0.1644256908016233,357445660883.80286,331140714984.7199
2025-12-29,btc,1.55184373281198,1.0604414088514516,1739961546064.0173,1121222136787.6797
2025-12-29,eth,1.0781879479269028,0.16134933374612,355975867437.3957,330161237771.0695
2025-12-30,btc,1.575194732866138,1.1046773917310257,1765853811641.8127,1121038418169.8994
2025-12-30,eth,1.0924318128067334,0.1905095959051071,360265944873.2992,329783461676.8299
2025-12-31,btc,1.5599368640000815,1.074293850316699,1747687897836.068,1120358097926.1843
2025-12-31,eth,1.0926476843390247,0.19083690477785548,360143859022.3066,329606573266.2659
2026-01-01,btc,1.5805666838787138,1.113562864663865,1771039175878.2832,1120508988290.2944
2026-01-01,eth,1.1032232689455268,0.21289273193222918,364126977931.8581,330057376581.528
2026-01-02,btc,1.6028335346054856,1.1558835895402386,1796161433804.1494,1120616330407.7917
2026-01-02,eth,1.1427412247984017,0.2958713145467472,379105363603.0284,331750842077.04926
2026-01-03,btc,1.6144428345714434,1.1777374734887036,1809344989019.2935,1120724097672.7349
2026-01-03,eth,1.1409202022664695,0.29262617011035275,379233042501.00415,332392258238.26
2026-01-04,btc,1.6278233718322608,1.203010489069842,1824597050829.0288,1120881468101.3467
2026-01-04,eth,1.142742653841216,0.297315585381262,381046032739.6493,333448682832.30774
2026-01-05,btc,1.672965606192001,1.28966380351531,1876338549946.9753,1121564330433.4817
2026-01-05,eth,1.1738636991697917,0.3625418366831325,391919675017.6949,333871534910.63556
2026-01-06,btc,1.6656981847227375,1.2756070526593697,1868901153485.2168,1121992669876.328
2026-01-06,eth,1.1929297269662174,0.4033338027653452,399377294334.9111,334786941181.00476
2026-01-07,btc,1.6234736025512655,1.1942783061189228,1821701767682.8281,1122101255493.1907
2026-01-07,eth,1.1494461103591525,0.31164083629065253,383899926773.0392,333986885781.9589
2026-01-08,btc,1.6216948371778772,1.1902081714380541,1819501586202.2153,1121975321428.887
2026-01-08,eth,1.1343734509001924,0.2790313807107016,377316074781.55646,332620685438.41
2026-01-09,btc,1.6124074298017157,1.1714825673771305,1808410412088.4426,1121559215533.2788
2026-01-09,eth,1.1256071633018039,0.260798756474707,374399036228.6125,332619628263.8853
2026-01-10,btc,1.6100132123879032,1.1664396788689306,1805790474483.8293,1121599786007.6921
2026-01-10,eth,1.125250237568336,0.2598693521150082,374049472949.6808,332414480318.61884
2026-01-11,btc,1.61585640170226,1.1768997588793795,1812038313400.7893,1121410486409.4712
2026-01-11,eth,1.1368724223314506,0.28383417942280115,377758339297.78436,332278566950.4528
2026-01-12,btc,1.6235117369511674,1.19095220338109,1820546852328.6194,1121363529990.531
2026-01-12,eth,1.1331358345844726,0.2750608337956975,375160325613.20337,331081512174.3783
2026-01-13,btc,1.6956457102183626,1.329679572924886,1903750053001.0747,1122728669986.0862
2026-01-13,eth,1.2092884775794086,0.43540542140536254,403232745020.5214,333446280599.3642
2026-01-14,btc,1.725258285011508,1.386645863709524,1938534838165.8552,1123620071850.8213
2026-01-14,eth,1.2227404652086322,0.4629349329941427,407392587810.9621,333179934256.49
2026-01-15,btc,1.698251329285832,1.3346600474517558,1908655476071.2114,1123894586835.8962
2026-01-15,eth,1.2072159088189167,0.4306899476194618,402308810695.97705,333253403767.332
2026-01-16,btc,1.6967501163466354,1.3315281037013622,1907555425812.8313,1124240633570.777
2026-01-16,eth,1.1988834571074967,0.4137825053300376,399996058773.74493,333640485572.1349
2026-01-17,btc,1.6895599397740113,1.317473285618195,1899965633236.061,1124532837521.108
2026-01-17,eth,1.2003253310041828,0.41767422382857267,401402211764.55286,334411181199.3028
2026-01-18,btc,1.6743922801666509,1.2880095924551072,1883113182009.9023,1124654720590.6118
2026-01-18,eth,1.1953227427703368,0.4082711712643882,400804878940.17224,335311012330.65125
2026-01-19,btc,1.6436868798008477,1.2287461824805677,1848493706242.704,1124602093597.4565
2026-01-19,eth,1.1579490106441002,0.3287119687228025,386632210858.98865,333893986095.2318
2026-01-20,btc,1.5689223614895769,1.0846244812587598,1762830971003.291,1123593502313.0222
2026-01-20,eth,1.079462773845038,0.1636158218551819,356622686951.40375,330370528370.4379
2026-01-21,btc,1.5933664347912717,1.1306319352376393,1790095954678.7302,1123467844929.9893
2026-01-21,eth,1.101297553839106,0.20819520704654457,363204884267.45874,329797231457.8673
2026-01-22,btc,1.5900557424434003,1.1236712239436046,1786072008022.8867,1123276348336.2368
2026-01-22,eth,1.0964959540051333,0.19625062911865732,357861441242.7338,326368227749.11804
2026-01-23,btc,1.597227656500748,1.1323409038593748,1786991652933.4917,1118808358758.6282
2026-01-23,eth,1.1030442948963946,0.20857560571009434,358318683013.53955,324845234839.0917
2026-01-24,btc,1.5927055312322624,1.1233094122809026,1781929439365.0884,1118806586919.0679
2026-01-24,eth,1.1071629481708587,0.2160265616480136,358213412157.62335,323541726851.8847
2026-01-25,btc,1.5441681672754624,1.0307030680656988,1727225660175.7202,1118547640587.1294
2026-01-25,eth,1.0621760800617082,0.12427687585587185,340759075781.5415,320812228949.5964
2026-01-26,btc,1.5779781705662028,1.0943217476719846,1765058635213.3357,1118557067605.0642
2026-01-26,eth,1.1126700933940077,0.22442206879816792,355742562249.59985,319719712394.236
2026-01-27,btc,1.594258404220792,1.1248574418903217,1783533524074.6565,1118722987034.4478
2026-01-27,eth,1.1480377447984693,0.29480125505989635,366998334736.47003,319674450077.33105
2026-01-28,btc,1.5929682871962683,1.121851992687975,1781913902166.2068,1118612289076.0718
2026-01-28,eth,1.1467736502749926,0.2911954626264254,365260041082.4351,318511016533.0769
2026-01-29,btc,1.5108463744510505,0.9654891646306998,1688885620362.0884,1117840734122.1086
2026-01-29,eth,1.0895379100024492,0.17516736133594552,342210712263.5912,314087935006.15497
2026-01-30,btc,1.5027941233677342,0.949376593937093,1678861815455.3127,1117160221316.952
2026-01-30,eth,1.0518721346695987,0.10068058784681619,327782260969.6121,311617971582.23145
2026-01-31,btc,1.409206961565977,0.7716682211273903,1572696333598.1348,1116015160647.8586
2026-01-31,eth,0.9659958744620407,-0.06507182169980548,296778501115.4354,307225433318.44995
2026-02-01,btc,1.3779375282101736,0.712124172190229,1536929030863.132,1115383679882.4075
2026-02-01,eth,0.9101910293982926,-0.16942795139457478,275655603144.04675,302854669229.4657
2026-02-02,btc,1.411272421681785,0.7742022465664476,1573038715100.2737,1114624427525.9875
2026-02-02,eth,0.9467994246147868,-0.0996953531910901,284815418197.1626,300819171191.45074
2026-02-03,btc,1.3597906397012434,0.6757170383195003,1512483032783.9028,1112291104692.563
2026-02-03,eth,0.9126794639457328,-0.16150270558876434,270956369422.57687,296880098793.02783
2026-02-04,btc,1.315930750700471,0.5920367595340111,1460765456261.426,1110062558750.8
2026-02-04,eth,0.8917947111906658,-0.19712299380106835,260757818428.6563,292396686318.6591
2026-02-05,btc,1.1497951473288677,0.2790474051026854,1268930112062.0479,1103614078568.645
2026-02-05,eth,0.793410765978737,-0.3644911189155221,224653785295.62128,283149403724.6803
2026-02-06,btc,1.2794885803917828,0.5205026483717703,1411913758763.4768,1103498523082.6719
2026-02-06,eth,0.890392781857165,-0.19227700695909272,250650116669.85196,281505108506.21515
2026-02-07,btc,1.2542864998384384,0.4728899483062112,1382342675702.2588,1102094837088.9067
2026-02-07,eth,0.9066002908682818,-0.1626668469445798,253355457468.33264,279456624953.9646
2026-02-08,btc,1.278752679408799,0.5183658152539798,1409487469971.3484,1102236181137.85
2026-02-08,eth,0.9154672104769602,-0.1463380454429306,254272219269.94797,277751312510.1134
2026-02-09,btc,1.274890122985872,0.5106332214532641,1403957309313.7197,1101237890231.328
2026-02-09,eth,0.9239946309485884,-0.13119818198131553,255882702184.50153,276930940520.518
2026-02-10,btc,1.2481033012418763,0.4602814549547898,1372902520801.7817,1099991098041.1067
2026-02-10,eth,0.8935333119826366,-0.1819688662826353,244986153517.88016,274176855224.66653
2026-02-11,btc,1.2182387788490885,0.4044958473305725,1338975460058.4707,1099107566846.1697
2026-02-11,eth,0.8667972282027553,-0.22573392228076095,235615963587.75485,271823623705.26776
2026-02-12,btc,1.2056557515363073,0.3806963132615129,1323658033255.9888,1097873942515.7778
2026-02-12,eth,0.8731579495054059,-0.213942680623881,236203873082.78516,270516775592.06915
2026-02-13,btc,1.2543817127922632,0.47057952966646766,1376445661511.0215,1097310051218.0165
2026-02-13,eth,0.9157660812822043,-0.1427016944581324,248798463167.48962,271683422494.89737
2026-02-14,btc,1.271428434942344,0.5020548636464903,1395216132521.9568,1097361120907.4668
2026-02-14,eth,0.9301414418846563,-0.11870061320218574,253434780630.70566,272469077517.06567
2026-02-15,btc,1.2503520156434709,0.4629390192269001,1371908475474.9832,1097217790118.8534
2026-02-15,eth,0.87826318603533,-0.2058275132464817,238093261731.80533,271095573078.2817
2026-02-16,btc,1.2529918805039757,0.46757483913113707,1374294450427.176,1096810339963.584
2026-02-16,eth,0.8953202529825576,-0.1768352166809527,242484537945.87585,270835533026.41516
2026-02-17,btc,1.2303595955650781,0.4254786882043168,1348813644678.0337,1096275958297.0149
2026-02-17,eth,0.8949737979717953,-0.1771578845744052,242008792155.8224,270408801580.85834
2026-02-18,btc,1.2114637146625802,0.390217673628785,1327048320483.3748,1095409053050.3322
2026-02-18,eth,0.8810192791242333,-0.19974955768610453,237087888977.14313,269106357369.17984
2026-02-19,btc,1.2218447878485281,0.40922356900548845,1338109780371.2932,1095155287872.111
2026-02-19,eth,0.8804083911451502,-0.20052594699343085,236605774854.73962,268745479069.078
2026-02-20,btc,1.2419474106076231,0.44588113047839545,1359029636304.5437,1094273094574.6229
2026-02-20,eth,0.88887855321774,-0.18639374407053017,238948635838.4493,268820341061.72925
2026-02-21,btc,1.2427727388908916,0.44733316654087657,1359921772015.4436,1094264244345.351
2026-02-21,eth,0.8924283916578037,-0.180422435708979,239857138900.7054,268769058831.8678
2026-02-22,btc,1.234286313377275,0.4316067841981576,1350546919039.245,1094192574609.254
2026-02-22,eth,0.8845349316947978,-0.19326132689712533,237220666270.27325,268186883038.9216
2026-02-23,btc,1.1831842972470235,0.33710436349132006,1293393807330.4714,1093146528685.2422
2026-02-23,eth,0.8461407207822856,-0.2560115140809207,225566569029.34525,266582807669.1562
2026-02-24,btc,1.1743319937937022,0.3203765381005053,1282107185703.1086,1091775743553.777
2026-02-24,eth,0.8484206699074129,-0.2513839712904222,225402264889.80603,265672764566.66702
2026-02-25,btc,1.2461229941727416,0.4522192881664147,1360413320036.0623,1091716729727.1439
2026-02-25,eth,0.9336052696561616,-0.11096339714107424,249931137598.34384,267705362985.35593
2026-02-26,btc,1.2368113915864163,0.4349889626793496,1350060432211.2349,1091565327903.0344
2026-02-26,eth,0.9197971959477839,-0.13416171861351434,246434910371.5957,267923093761.62265
2026-02-27,btc,1.2073254705520617,0.3805257589951827,1316994842741.9294,1090836625967.7437
2026-02-27,eth,0.8806883757333612,-0.198321440897663,234442407919.94003,266203590713.58997
2026-02-28,btc,1.2275612619982268,0.41760435064546286,1339049943507.6392,1090821277080.6492
2026-02-28,eth,0.8953577141229099,-0.17410426573439294,238552005439.10962,266432065839.51147
2026-03-01,btc,1.205248174799525,0.3765339227156592,1314443104307.3926,1090599539406.9197
2026-03-01,eth,0.8853854178907236,-0.19040997062882745,235517266808.06543,266005359981.13034
2026-03-02,btc,1.263760682233652,0.4837979423820091,1378243428525.1035,1090588944489.9546
2026-03-02,eth,0.9265662909729394,-0.12228402201908183,247031152208.555,266609258954.54315
2026-03-03,btc,1.2548907532524818,0.46741620278121176,1368444569419.4512,1090489005415.5356
2026-03-03,eth,0.9053558493648451,-0.15766731414957338,241449616203.45535,266690292411.3706
2026-03-04,btc,1.3324599332646212,0.6096107655556551,1453188795466.4492,1090605998115.1056
2026-03-04,eth,0.9605287837534291,-0.06636262169506252,258510278165.16574,269133296719.1186
2026-03-05,btc,1.3020998734899654,0.5536701326296142,1419628612459.7888,1090260924958.71
2026-03-05,eth,0.942894868894854,-0.09547460126381255,252326519538.905,267608328205.9338
2026-03-06,btc,1.2527874949037452,0.4627458230956278,1364449969372.4175,1089131217323.6943
2026-03-06,eth,0.9044351808285064,-0.15904332085304368,240901721168.1714,266355982467.9683
2026-03-07,btc,1.236301300128931,0.43243071738883077,1346255811100.9575,1088938279819.458
2026-03-07,eth,0.8997023399224529,-0.1667872392670327,239427249904.3841,266118291884.2034
2026-03-08,btc,1.2160004257646573,0.39519369365992557,1324027346015.6562,1088837896732.6992
2026-03-08,eth,0.8878907173342052,-0.18629790754956677,236094104170.59943,265904462746.77377
2026-03-09,btc,1.2588288726421142,0.4734518816985505,1370572775964.729,1088768144543.8086
2026-03-09,eth,0.9113555511509652,-0.14752560147100613,242673150788.51807,266277141212.3867
2026-03-10,btc,1.2838921987216934,0.5192168970405512,1397868664486.2625,1088774171132.1633
2026-03-10,eth,0.9274549303248621,-0.12090457038113765,247289800989.16016,266632687911.35898
2026-03-11,btc,1.2926305604960422,0.5345974837089212,1406034417657.6719,1087731066112.2783
2026-03-11,eth,0.9364092307508777,-0.10605318143630367,249824721049.4317,266790109329.76917
2026-03-12,btc,1.297352966463531,0.5430114643496923,1410853709874.8342,1087486402193.7655
2026-03-12,eth,0.9459889236857164,-0.09017922326342366,252646026245.1657,267070808039.5048
2026-03-13,btc,1.30454126489792,0.5560619847619012,1418719155332.7734,1087523402675.7964
2026-03-13,eth,0.9514811135826324,-0.08105996066232307,254250501219.0394,267215499697.83896
2026-03-14,btc,1.3085611269402389,0.5632176154362953,1422872048261.8135,1087356195265.3016
2026-03-14,eth,0.9519565439213461,-0.08039671035377044,254771462623.3307,267629299100.0026
2026-03-15,btc,1.3372863065162932,0.6156668936819097,1454422288833.392,1087592299230.4055
2026-03-15,eth,0.9836153725181463,-0.027569867197955903,264679859744.22852,269088779150.1505
2026-03-16,btc,1.3736647820354706,0.6822489308923182,1494692667729.386,1088105837229.5012
2026-03-16,eth,1.0484482513493492,0.08258189016639225,285778601167.42554,272572919836.17645
2026-03-17,btc,1.3620392217241302,0.6608518745899951,1481961368873.273,1088046030713.6677
2026-03-17,eth,1.031954404300725,0.054682149319654046,282376145422.32477,273632385544.8527
2026-03-18,btc,1.3108271207032423,0.5669155745113558,1425341989865.8489,1087360771953.7958
2026-03-18,eth,0.9789118071781028,-0.036034751511636404,267453031535.50742,273214634428.09116
2026-03-19,btc,1.2873233530441246,0.5237686930360594,1399265405056.8447,1086957213778.5052
2026-03-19,eth,0.9523009381026103,-0.08141407575125333,259867140545.54968,272883423871.5714
2026-03-20,btc,1.2979134579553593,0.542887840374139,1410527534715.3772,1086765474284.7201
2026-03-20,eth,0.9559169705174427,-0.07526513594768654,260913320532.58185,272945588978.66217
2026-03-21,btc,1.2832286394689276,0.5160177121438739,1394491267456.1099,1086705225058.9022
2026-03-21,eth,0.9462392337880122,-0.09178701628758915,258247082151.88007,272919440380.9044
2026-03-22,btc,1.2516621596693462,0.4586259423191773,1360734697384.814,1087142154832.1647
2026-03-22,eth,0.9140212280233633,-0.14723140979561722,250176132257.91364,273709323796.4916
2026-03-23,btc,1.301409408329922,0.5492428167492133,1414946007675.064,1087241262141.2057
2026-03-23,eth,0.9518447602733037,-0.08265492066405422,261118659405.7257,274329040095.51996
2026-03-24,btc,1.3002777489726738,0.5466770438463512,1412649050098.1938,1086420998293.8666
2026-03-24,eth,0.9576228439755964,-0.07260626677691674,262210550749.64417,273814009763.0401
2026-03-25,btc,1.3129187923123302,0.5694849894292656,1426112970560.1992,1086215673742.0979
2026-03-25,eth,0.9647681829176635,-0.06024137204084387,263610997732.1553,273237656879.33423
2026-03-26,btc,1.2664072256679186,0.48454565001075656,1374964415213.678,1085720601829.7195
2026-03-26,eth,0.9214079139718342,-0.1336149459223034,250305650454.65143,271655633361.86282
2026-03-27,btc,1.221391534843414,0.4022293939213235,1324801425739.3975,1084665635830.8894
2026-03-27,eth,0.8953284250726146,-0.17691937076468872,241785389347.15878,270052175912.48602
2026-03-28,btc,1.224282130242581,0.40731975070683,1327576595348.7966,1084371455365.234
2026-03-28,eth,0.899260130219441,-0.17001791388076673,242459105939.66235,269620655683.3522
2026-03-29,btc,1.2173465160210977,0.3946345251491047,1319916662240.195,1084257148535.1174
2026-03-29,eth,0.8960628218400801,-0.17504366961412385,241063871511.02005,269025637081.9976
2026-03-30,btc,1.2307677885365405,0.418690121565325,1333640616117.6392,1083584270354.866
2026-03-30,eth,0.9164370842463907,-0.1403874913417359,245921077359.63254,268344746832.08572
2026-03-31,btc,1.259461592624952,0.470760870905677,1364956778916.2126,1083762130507.9968
2026-03-31,eth,0.950377946326074,-0.08352344277454679,255488962451.45886,268828799572.96567
2026-04-01,btc,1.2578004357870882,0.46763751327072955,1363029290305.23,1083661009746.9819
2026-04-01,eth,0.9667986883353052,-0.055971869563482386,260290718143.73273,269229490362.58795
2026-04-02,btc,1.2361570581529684,0.4280989981849751,1338877338009.6384,1083096463494.8182
2026-04-02,eth,0.9329832677307938,-0.1124675483439614,250027376338.6165,267986988605.63086
2026-04-03,btc,1.236095290145614,0.4278560498766078,1338573239437.8928,1082904570634.0381
2026-04-03,eth,0.9315234115829558,-0.11484194037074233,249449914199.2593,267787058379.31033
2026-04-04,btc,1.2435879583030516,0.4413705535288899,1346670701697.7043,1082891397191.812
2026-04-04,eth,0.9361672610723467,-0.10718977187917282,250990077125.4083,268103882246.3285
2026-04-05,btc,1.2731860065048008,0.49511981993516,1379257017077.334,1083311480043.4568
2026-04-05,eth,0.9544203716949254,-0.07677932844858118,256667477110.72488,268924977633.19647
2026-04-06,btc,1.2700938124247623,0.48937210621746935,1375704527882.7625,1083151901398.8239
2026-04-06,eth,0.9487558340966251,-0.08647436434651237,255575336999.68448,269379462886.81863
2026-04-07,btc,1.3307033415283853,0.599375033364997,1442060623269.7576,1083683025559.6055
2026-04-07,eth,1.0060050440364343,0.01022178039977733,273340527255.5344,271708903325.97067
2026-04-08,btc,1.3129220338742065,0.5669919318729267,1422639794430.0034,1083567613098.882
2026-04-08,eth,0.9796800145545865,-0.034584812911314336,266138899089.44318,271659006140.33017
2026-04-09,btc,1.3258289461254553,0.5903277297838332,1436753818394.9255,1083664542544.219
2026-04-09,eth,0.9810694024428824,-0.03220131049771455,266342006197.16687,271481309613.7439
2026-04-10,btc,1.3468426562660187,0.6284547489832308,1459925921077.7124,1083961748824.6216
2026-04-10,eth,1.0007752177127058,0.0013248493508172322,272949215916.46625,272737784754.80017
2026-04-11,btc,1.3497406830177825,0.6337466498492755,1463437238442.9136,1084235851268.0566
2026-04-11,eth,1.0145110215027267,0.02492685317581091,278101355355.01556,274123542732.0275
2026-04-12,btc,1.3049673347970956,0.5524737947922731,1414761571255.0276,1084135620509.6149
2026-04-12,eth,0.9721309073414732,-0.047852012843204283,266346894261.56033,273982539028.56586
2026-04-13,btc,1.3770482398402828,0.6833247876010345,1493802476369.446,1084785872528.8411
2026-04-13,eth,1.0443988854726662,0.0768948721775945,288613873013.2487,276344485835.62976
2026-04-14,btc,1.3687529040183417,0.6680885585286827,1484648684480.5735,1084672536673.3386
2026-04-14,eth,1.0193113149992377,0.03354957785588264,282542783147.4469,277189882021.13525
2026-04-15,btc,1.3796263886883917,0.6876540395247525,1496456364036.2834,1084682328712.893
2026-04-15,eth,1.0322096140272872,0.056060951939464025,286631476177.51105,277687276191.1068
2026-04-16,btc,1.3856258612153995,0.6984733658248291,1503173059357.5798,1084833288286.8352
2026-04-16,eth,1.0266120292492047,0.04643302872407013,285768788180.1759,278361036144.4606
2026-04-17,btc,1.4223235153878984,0.7650801673478091,1543615604845.2402,1085277426791.5151
2026-04-17,eth,1.0520518624409718,0.09136988849416104,294609512884.3971,280033260148.2628
2026-04-18,btc,1.3980047368399022,0.7208492546483503,1517180750333.2896,1085247217232.4515
2026-04-18,eth,1.0241181542162494,0.04226678200110544,286303488293.2815,279560993147.6975
2026-04-19,btc,1.3634656752952108,0.6580539380170357,1479446701514.392,1085063400069.8768
2026-04-19,eth,0.9906526447570865,-0.016302293294505457,275597876123.1,278198294408.9127
2026-04-20,btc,1.3987305546501194,0.721736253102058,1517691004761.6138,1085048867858.0781
2026-04-20,eth,1.009797886143221,0.01711983514710647,281431167963.98083,278700492272.6339
2026-04-21,btc,1.4040391749892125,0.7312549516052865,1523594519498.5874,1085151003361.6359
2026-04-21,eth,1.0151595263369155,0.02646351286838249,282646344916.1023,278425545525.8334
2026-04-22,btc,1.4451816880881303,0.8053344416271034,1567874544724.6375,1084897876611.5012
2026-04-22,eth,1.037557350133551,0.06575396998281326,289712267660.82196,279225305110.6342
2026-04-23,btc,1.443518010298725,0.8022095035718098,1566221325283.5027,1085002967825.379
2026-04-23,eth,1.01964325262023,0.03424433677484964,283483931321.5112,278022661938.8967
2026-04-24,btc,1.4313054086958685,0.778675299267843,1550453479308.5886,1083244337573.8247
2026-04-24,eth,1.016201339108562,0.028160859962734028,281679824825.7989,277188991969.7367
2026-04-25,btc,1.4345741475645932,0.7844469848175533,1554099937821.2412,1083317959172.4562
2026-04-25,eth,1.0191227198061008,0.033198379398262,282131159747.7678,276837278047.77655
2026-04-26,btc,1.4512399107371687,0.8144784464385253,1572436652794.887,1083512547554.0122
2026-04-26,eth,1.0391210169279939,0.06803734947658902,288164416061.16895,277315549745.1914
2026-04-27,btc,1.4274966444382788,0.771487276857756,1546793319768.878,1083570546939.9142
2026-04-27,eth,1.0111543999979993,0.019340670467084587,279546955041.6473,276463174211.7726
2026-04-28,btc,1.4098968122284414,0.739500376703351,1527590404144.0068,1083476741627.3127
2026-04-28,eth,1.008070381754557,0.013973398462311413,278282023273.8684,276054160811.18823
2026-04-29,btc,1.4012950588480768,0.7235080810066385,1517599040135.2427,1082997496175.2684
2026-04-29,eth,0.9972396786103187,-0.004761134810825542,274226251706.45157,274985299510.53845
2026-04-30,btc,1.4109087161770764,0.7405466699659449,1527735856798.6956,1082802763412.0568
2026-04-30,eth,1.002840171350229,0.0048773453434610824,274537581579.79065,273760056111.58542
2026-05-01,btc,1.4441109410626063,0.8005984613949875,1564476874719.7117,1083349506076.4083
2026-05-01,eth,1.0202217305075385,0.03468486522847566,278947233484.5178,273418243449.63477
2026-05-02,btc,1.4546787719928143,0.8195515914728907,1576121764068.9802,1083484405227.0022
2026-05-02,eth,1.0315140772729092,0.05407483342738225,282129094767.64294,273509689284.63748
2026-05-03,btc,1.4532128991393036,0.8168964091511378,1574890307386.7893,1083729925821.2969
2026-05-03,eth,1.034861869236256,0.05981359534144073,283002664864.66705,273469023526.3257
2026-05-04,btc,1.4734139625232838,0.8540045236067355,1598494701633.0886,1084891783498.2361
2026-05-04,eth,1.0444377090192178,0.07624358483347636,285608585649.4156,273456792284.54623
2026-05-05,btc,1.49326488273632,0.8899832314993154,1620773025572.6155,1085388831084.4385
2026-05-05,eth,1.0485837943183294,0.08350178338279536,287225880584.8118,273917909223.0141
2026-05-06,btc,1.5007289347155646,0.9034827028070431,1629376956264.4822,1085723689717.0244
2026-05-06,eth,1.0423808830758785,0.07290487454720193,285763886645.114,274145364026.51224
2026-05-07,btc,1.4754077327071486,0.8575639625537406,1601864780211.2744,1085709898830.5398
2026-05-07,eth,1.01644984635852,0.028301347830948547,278676323054.6147,274166329064.81894
2026-05-08,btc,1.4788069377076725,0.8635613739112813,1605720454154.296,1085821558724.4637
2026-05-08,eth,1.0227640656365231,0.039199346378052176,280639506745.43896,274393201887.45715
2026-05-09,btc,1.4875564619691928,0.8792375333696879,1615455141384.5083,1085979041928.9404
2026-05-09,eth,1.030443223313954,0.052487815631677884,283082526994.2164,274719189363.78622
2026-05-10,btc,1.5165762999799848,0.9315510645462818,1647399835510.1553,1086262415898.1628
2026-05-10,eth,1.0498593249592794,0.08613502635968637,288978545272.23395,275254539729.3513
2026-05-11,btc,1.5062797314103844,0.9129390017982928,1636586267659.3313,1086508855912.7966
2026-05-11,eth,1.034982425289077,0.06038557932633811,284639378594.4196,275018562286.13556
2026-05-12,btc,1.4843434176790684,0.8731824045198532,1612803060535.8354,1086543074417.1235
2026-05-12,eth,1.010082349199823,0.017364942451043804,277153765980.8799,274387297432.17303
2026-05-13,btc,1.4616979219598496,0.8321156926258125,1588129352111.7424,1086496278233.996
2026-05-13,eth,1.002596548027245,0.004465665889213704,274688789594.3381,273977394132.0947
2026-05-14,btc,1.496291810555883,0.8943262702129099,1625900414724.604,1086619871374.268
2026-05-14,eth,1.0164783021005015,0.028347003493356112,278542884515.4142,274027378587.24506
2026-05-15,btc,1.4576482075977497,0.8243415651061838,1583625954865.0425,1086425343653.3278
2026-05-15,eth,0.9910426909461063,-0.015351581610072891,270543845637.17764,272989093314.33636
2026-05-16,btc,1.4411207320741926,0.7943798702346626,1565657646957.8728,1086416711738.2562
2026-05-16,eth,0.9757449150605687,-0.0414173648161072,265371189320.6463,271967791196.91705
2026-05-17,btc,1.4288785719516937,0.7721487685166769,1552335390540.52,1086401196723.2441
2026-05-17,eth,0.9628095906394389,-0.06326237961096608,260830795609.97208,270905896810.5462
2026-05-18,btc,1.419569255459985,0.755073463391821,1541917315110.8887,1086186749382.1279
2026-05-18,eth,0.9611684080404308,-0.0657739202691615,259261080933.13736,269735333334.2514
2026-05-19,btc,1.4170368263075273,0.7500654259747253,1538577143495.5376,1085770754105.7465
2026-05-19,eth,0.9564991428206275,-0.07341795434490946,257053102312.00754,268743682878.77573
2026-05-20,btc,1.4282474320399443,0.7700053420889749,1550647126229.1887,1085699222308.0162
2026-05-20,eth,0.9647842034108022,-0.05929786270595361,258660833050.85175,268102267985.32556
2026-05-21,btc,1.4318398636638516,0.7762300815905696,1554428208011.9185,1085615959898.1849
2026-05-21,eth,0.9695618696342965,-0.05117285325858701,259514529898.49936,267661650098.08417
2026-05-22,btc,1.3951977957217803,0.7098433144284604,1513842315397.03,1085037777467.152
2026-05-22,eth,0.9444054000338056,-0.09302419020016131,251564026772.9534,266372922861.25058
2026-05-23,btc,1.4145646606056597,0.7445216038930423,1534962749402.7822,1085113174498.2042
2026-05-23,eth,0.9665855244651308,-0.05593967951105959,257582954544.10623,266487494406.29395
2026-05-24,btc,1.4206921481906594,0.7553693949676552,1541627798460.404,1085124458823.6543
2026-05-24,eth,0.9596394024624108,-0.06744900451511997,255259143251.18362,265994854521.59952
2026-05-25,btc,1.425980680386381,0.7647867134194172,1547549230891.9795,1085252592954.2457
2026-05-25,eth,0.9643857042254508,-0.05957476651068655,256748793277.59906,266230401542.30368
2026-05-26,btc,1.4000760710265765,0.7179074443402286,1518962391243.4812,1084914186219.7058
2026-05-26,eth,0.949728758090172,-0.08387794354633134,252179603759.83347,265528027462.2265
2026-05-27,btc,1.3720698989749527,0.6672651047364622,1487995661586.5725,1084489691595.3231
2026-05-27,eth,0.9293457912395747,-0.11749044153718087,245914553947.55853,264610391810.7319
2026-05-28,btc,1.359302863594602,0.6435927946439236,1472640865932.4536,1083379506784.9231
2026-05-28,eth,0.9262217243902198,-0.12224301605848965,244181347108.82343,263631634498.29553
2026-05-29,btc,1.3570300412340588,0.6389441983722314,1469113880052.4087,1082594957674.2036
2026-05-29,eth,0.9302376849677291,-0.11527054761616151,244541781045.67795,262880965797.6406
2026-05-30,btc,1.3648020345772152,0.6526476694075573,1477333118477.007,1082452312532.3824
2026-05-30,eth,0.935206229980192,-0.10704043300363265,245778461911.01828,262806698706.68414
2026-05-31,btc,1.3623994613070085,0.6482276643856977,1474722993333.1416,1082445373193.5392
2026-05-31,eth,0.9297039761237981,-0.11595538993802335,243941782012.6291,262386510413.44598
2026-06-01,btc,1.321374781897173,0.5743276643687009,1429252208777.494,1081640294909.6963
2026-06-01,eth,0.9305676663802956,-0.1143263494433082,243709961022.0587,261893863097.60477
2026-06-02,btc,1.23601499491039,0.42060097056523604,1333334574845.5205,1078736569002.6973
2026-06-02,eth,0.8697869273318383,-0.21247639988318695,225716602438.75232,259507926994.44385
2026-06-03,btc,1.1956320534404266,0.34788123161246876,1287106568324.686,1076507245369.5448
2026-06-03,eth,0.8598492110338765,-0.2266018760930223,221073818981.19736,257107660441.27643
2026-06-04,btc,1.1858932878748485,0.3301770277589847,1275245535217.7324,1075345942384.9219
2026-06-04,eth,0.8412799820805724,-0.25507003803944434,214964348196.19513,255520579087.792
2026-06-05,btc,1.1367970410942185,0.2425763537704962,1220532716918.2947,1073659301350.2892
2026-06-05,eth,0.7633893361746386,-0.37426839815843777,191972956982.41754,251474507024.6834
2026-06-06,btc,1.134645827440571,0.2386687562395732,1217830685900.8337,1073313501401.4932
2026-06-06,eth,0.7628846655701821,-0.37247180253559414,190495435811.56485,249704109164.63766
2026-06-07,btc,1.178976675309288,0.3172884234918912,1265680824489.3384,1073541869823.0859
2026-06-07,eth,0.8211274816084435,-0.28070154154413335,204810731854.47998,249426229716.84247
2026-06-08,btc,1.1785132598364798,0.3163267904897795,1264731188110.3975,1073158216553.1854
2026-06-08,eth,0.83072239904996,-0.2645515038843796,206327406218.48206,248371064093.66653
2026-06-09,btc,1.1517566167396358,0.26874081647351356,1235312840780.629,1072546771450.3104
2026-06-09,eth,0.8088420963032222,-0.29640691179110407,199295807005.6031,246396432525.5522
2026-06-10,btc,1.148835844703938,0.26334439800115617,1231221031281.3015,1071711887261.4866
2026-06-10,eth,0.8047905354188167,-0.301020936696132,197180885967.1745,245008952378.59705
2026-06-11,btc,1.1875449707608752,0.33165708458157317,1272136317475.4226,1071232120717.3727
2026-06-11,eth,0.8336256254363693,-0.25581574247780514,203632389763.3301,244273188767.12408
2026-06-12,btc,1.1877855212466688,0.3319953041185793,1272171858771.6946,1071045096960.3132
2026-06-12,eth,0.8295356507026942,-0.26194960441732623,202489668048.28137,244100018940.4201
2026-06-13,btc,1.2054819110681059,0.3632663626315446,1291194670976.3716,1071102485339.0962
2026-06-13,eth,0.8360076636305066,-0.25265238236342435,204570392372.5221,244699183120.0926
2026-06-14,btc,1.2276315476665298,0.40244028950841354,1315110636985.601,1071258423983.4425
2026-06-14,eth,0.8545917888329219,-0.22471888004115623,209745224597.98117,245433231794.11884
2026-06-15,btc,1.2393546167038156,0.4230057277480927,1327312830793.6953,1070970981916.2275
2026-06-15,eth,0.884404215138657,-0.17945473319291677,218021026789.61136,246517399010.16867
2026-06-16,btc,1.2287326760856152,0.4040974969664413,1315631970870.5012,1070722701915.7021
2026-06-16,eth,0.8866287937108008,-0.17576340854294284,218249960624.88104,246157086452.65298
2026-06-17,btc,1.2059072762898517,0.3636430417986534,1290856056678.525,1070443874134.3617
2026-06-17,eth,0.8643322105740472,-0.21038819191640112,212795625239.10583,246196569601.14606
2026-06-18,btc,1.1772253837760067,0.3128035560483473,1259509328523.998,1069896509098.4207
2026-06-18,eth,0.8443333517576803,-0.24156327432010916,207987106596.04306,246332927821.7762
2026-06-19,btc,1.186374409712872,0.3288465522000114,1269001391949.4158,1069646632260.5032
2026-06-19,eth,0.8428331522692235,-0.2441862711024744,207844616345.61578,246602326671.6787
2026-06-20,btc,1.2034610271445665,0.35897836945174916,1287338856151.97,1069697171005.5448
2026-06-20,eth,0.8576524257021418,-0.22154694686336746,211843164824.57523,247003516198.469
2026-06-21,btc,1.186796520860484,0.3297324966666025,1270224412296.2717,1070296710488.5836
2026-06-21,eth,0.8425215735446204,-0.2448882815816079,207905114469.65158,246765330405.67987
2026-06-22,btc,1.1974216055983207,0.34841485193835503,1281444016484.4536,1070169446161.0697
2026-06-22,eth,0.8511782928294476,-0.23152754398351366,210108853493.87732,246844703705.31088
2026-06-23,btc,1.1731976651833003,0.30546684875419944,1254811480199.2998,1069565272279.3718
2026-06-23,eth,0.8282846895503143,-0.26472131256349923,202579622019.9688,244577286741.77438
2026-06-24,btc,1.1423253250449799,0.2508502985199938,1221058486497.9429,1068923589214.7124
2026-06-24,eth,0.811287739211697,-0.2889278115055749,197037231578.85718,242869726800.39777
2026-06-25,btc,1.12407957629493,0.21842245770297536,1200145302830.9937,1067669343114.2866
2026-06-25,eth,0.7917697071178056,-0.3170333382169377,191201454248.0792,241486195454.5967
2026-06-26,btc,1.1270469384410169,0.22341479469205675,1202140865082.8223,1066628925629.0237
2026-06-26,eth,0.7987749498651683,-0.3049050934961569,191948886158.34552,240304088392.78964
2026-06-27,btc,1.127011418515148,0.2233298058455336,1202053146049.6602,1066584709171.2527
2026-06-27,eth,0.7992671835359988,-0.3032586592208704,191475199465.88077,239563444377.6169
2026-06-28,btc,1.1189318202539258,0.2090837034834457,1193277756338.6099,1066443669523.861
2026-06-28,eth,0.800282476641599,-0.3009670075589234,191213659843.47195,238932708667.9491
2026-06-29,btc,1.1322838457186375,0.232348584049538,1206509590693.4893,1065554008613.222
2026-06-29,eth,0.8210350284664865,-0.2695413533699832,196037781046.0922,238769083229.30853
2026-06-30,btc,1.1027805682008867,0.18026934021940247,1173446848343.18,1064080091887.7095
2026-06-30,eth,0.803323248139001,-0.2950794749500407,191048754285.83728,237823011755.7604
2026-07-01,btc,1.1321108720363224,0.2316418570834668,1204361709793.5176,1063819577694.9283
2026-07-01,eth,0.8243957502975037,-0.2637250546190938,196231128510.8159,238030252387.88654
2026-07-02,btc,1.1581855624958048,0.2772982348930941,1231908341575.8325,1063653685097.8875
2026-07-02,eth,0.8635018260028584,-0.2061527757744669,206676479664.1605,239346893591.25494
2026-07-03,btc,1.1792987088316838,0.3143243934045055,1254524011767.2737,1063788166960.7819
2026-07-03,eth,0.8894013579934035,-0.16800961309242302,214091185417.3924,240713805407.72714
2026-07-04,btc,1.1891572189350943,0.33160217999904273,1265097436323.0317,1063860535998.7158
2026-07-04,eth,0.8964729720329133,-0.15796108960160382,216721531350.6718,241749096862.58234
2026-07-05,btc,1.1990647636450062,0.34896819452030925,1275739924003.0469,1063945803998.9081
2026-07-05,eth,0.8968185805654171,-0.15815954162058155,217780539422.72043,242836783427.7211
2026-07-06,btc,1.2073954618124445,0.3635525258977441,1284650033900.0369,1063984481084.287
2026-07-06,eth,0.8992954089465669,-0.15511387787199063,219420311844.7195,243991362195.1524
2026-07-07,btc,1.196288648174336,0.34397627357093147,1272546981565.5405,1063745763622.837
2026-07-07,eth,0.8841165105846316,-0.17883305079531692,216102852695.88992,244428025162.64465
2026-07-08,btc,1.1731707452338487,0.30336113418133803,1247624924474.5913,1063464060575.3441
2026-07-08,eth,0.8668686364795368,-0.20565740702670524,212076655835.36166,244646820649.35672
2026-07-09,btc,1.1916595724436172,0.33570125759659436,1267208913265.6104,1063398425665.3699
2026-07-09,eth,0.8674459782919055,-0.2051636129709353,212606440207.49915,245094732730.3818
2026-07-10,btc,1.2097400850398004,0.3671753325369916,1285869945086.505,1062930757596.7443
2026-07-10,eth,0.8898672929601552,-0.17096208111114952,218719567531.85428,245788972425.63077
2026-07-11,btc,1.2054984500945254,0.3597195495062188,1281367147363.528,1062935541114.1787
2026-07-11,eth,0.8883625249416519,-0.17337881190667515,218427574141.29196,245876619070.16888
2026-07-12,btc,1.202836434530211,0.35504030625477834,1278579373662.1953,1062970273395.1246
2026-07-12,eth,0.8938788825212245,-0.1649185972952414,219902610556.11615,246009403349.89368
2026-07-13,btc,1.174318418220534,0.30454725274839806,1246003008738.0476,1061043571662.734
2026-07-13,eth,0.8781272622090469,-0.18893296363419165,215473640030.24133,245378602058.41748
2026-07-14,btc,1.2276267731645218,0.3975764059464134,1302349402108.0994,1060867545883.6409
2026-07-14,eth,0.9306061549881567,-0.10836444204970296,229997282825.93573,247147820367.53537
2026-07-15,btc,1.2245682153726962,0.3921593482876801,1298980442301.2866,1060766093709.1554
2026-07-15,eth,0.9428423152553698,-0.08957454737616695,233828031283.04413,248003327279.29333
2026-07-16,btc,1.2064208959075768,0.36030233640366494,1279250334168.872,1060368183698.0339
2026-07-16,eth,0.9149492894959083,-0.13327367418722524,226863958479.94962,247952494290.6294
2026-07-17,btc,1.2091270996686685,0.364959286099287,1281998993789.7827,1060268183668.2703
2026-07-17,eth,0.9043208961774781,-0.14999770799281403,224308640107.63116,248040978656.77243
2026-07-18,btc,1.2253971926665221,0.3933360830156197,1299317093110.1172,1060323216738.1924
2026-07-18,eth,0.9126859151721503,-0.13715342230478422,226805795250.98386,248503665369.04855
2026-07-19,btc,1.2229930312358035,0.38912892586242287,1296850949302.7231,1060391119311.8477
2026-07-19,eth,0.915342000698113,-0.13322809399799426,227864416385.56158,248939102774.45364
2026-07-20,btc,1.2327473883123754,0.4062021811449091,1307489179295.059,1060630257010.7285
2026-07-20,eth,0.9270721847198942,-0.11524174154180337,231713555850.03738,249941223206.95813
2026-07-21,btc,1.2553791423473126,0.4458260182999874,1332013403971.4944,1061044714731.273
2026-07-21,eth,0.9360278562451899,-0.10129620677405154,234406222977.41626,250426545976.65543
2026-07-22,btc,1.2476042702123693,0.4321588128422979,1323613920578.0469,1060924487179.5277
2026-07-22,eth,0.938608837850804,-0.09730966194309776,235271821502.25,250660138722.92932
2026-07-23,btc,1.2309583188260411,0.4030226356434844,1305812050750.5317,1060809314807.5707
2026-07-23,eth,0.91609895912511,-0.13269665066439582,229100165362.8143,250082333443.1128
2026-07-24,btc,1.2125716215451372,0.3707864754688786,1285897036312.1387,1060470996899.602
2026-07-24,eth,0.9067188788441118,-0.14747652450022317,226645315156.9183,249962055985.6948
2026-07-25,btc,1.2164163415587756,0.3776307758179431,1290563096381.0723,1060955079514.372
2026-07-25,eth,0.912433176627236,-0.1386047824471161,228317745394.83475,250229552413.69016
2026-07-26,btc,1.2352156606776294,0.41042330804622557,1310603172319.879,1061031861918.6648
2026-07-26,eth,0.947676891841736,-0.0831266641755974,237993485992.60538,251133575210.51678
2026-07-27,btc,1.2052013444237608,0.3578989662957109,1278320455504.5225,1060669622896.6803
2026-07-27,eth,0.9189423872012693,-0.12851340566033237,230280135956.7054,250592571595.3168
2026-07-28,btc,1.2054901993356482,0.3583506443633191,1278550511268.8918,1060606309344.9517
2026-07-28,eth,0.9302823092688228,-0.110645528160303,233332767492.36215,250819310619.54248
2026-07-29,btc,1.2088544364298526,0.3641844372187181,1282113962604.0823,1060602438115.3693
2026-07-29,eth,0.9272827293958117,-0.11537183699057693,232488130693.09735,250719789469.79776
2026-07-30,btc,1.2262799635545538,0.39455250992377605,1300661544884.788,1060656280409.7592
2026-07-30,eth,0.9344169955390367,-0.10416169612686456,234498863038.1945,250957403555.05762
2026-07-31,btc,1.189970381191086,0.33105030786806744,1261520784545.8691,1060127885942.1405
2026-07-31,eth,0.9066261890139278,-0.1479205952665563,226918437140.5743,250288862036.26788
2026-08-01,btc,1.1887286460199475,0.3285671936285315,1259079071351.023,1059181231618.0146
2026-08-01,eth,0.8984818022016139,-0.16074552020964328,224748255657.44553,250142245626.7104
2026-08-02,btc,1.2018952766591153,0.3514614058664582,1273028382171.4187,1059184112704.0874
2026-08-02,eth,0.9159274331936529,-0.13329517292921653,229386918032.3761,250442239984.61377
2026-08-03,btc,1.2028012046866428,0.35283135312263497,1273346363617.1675,1058650721877.9377
2026-08-03,eth,0.9074169931328686,-0.1462719382445684,226432459440.2784,249535176389.54224
2026-08-04,btc,1.2162144313735614,0.3761057726497796,1287448909177.3933,1058570656593.3291
2026-08-04,eth,0.9136169315609219,-0.13651781764824633,228024713775.7507,249584597109.17203
2026-08-05,btc,1.2251059832401532,0.3914226456580717,1296483828380.6482,1058262587985.829
2026-08-05,eth,0.930875440179073,-0.10940841097970218,232660877223.65897,249937711514.7671
2026-08-06,btc,1.2175780136267054,0.3783006340960803,1288522357554.101,1058266774804.909
2026-08-06,eth,0.9286859553634299,-0.11268667877268312,231705293232.94717,249498005105.79718
2026-08-07,btc,1.2302038699452365,0.4001700374953807,1301736162817.6548,1058146697974.2168
2026-08-07,eth,0.9364381027299322,-0.10033993621874865,233389995859.84515,249231631198.53806
2026-08-08,btc,1.2308097221233913,0.40123044598991225,1302523472123.2698,1058265504984.9281
2026-08-08,eth,0.9361921589495042,-0.10088050270711908,233658234996.08243,249583627423.5291
2026-08-09,btc,1.2301135746614489,0.3999588902468093,1301709029077.309,1058202312282.8838
2026-08-09,eth,0.9325949034810779,-0.10668053705813742,232983367149.63794,249822689658.69928
2026-08-10,eth,,,228179613240.3486,
