date,asset,mvrv,mvrv_z,market_cap_usd,realized_cap_usd
2025-05-02,btc,2.1700257371132774,2.254425134268891,1923192534185.8323,886253329301.1537
2025-05-02,eth,0.9668231559415718,-0.051350885322155815,222308298975.2047,229936878951.45895
2025-05-03,btc,2.148827641148182,2.212449265629116,1905398528848.1636,886715384873.797
2025-05-03,eth,0.963299173985916,-0.056838022054710634,221603876059.12677,230046783017.76135
2025-05-04,btc,2.1136160468529854,2.1427142522824285,1874342989258.6758,886794454484.4987
2025-05-04,eth,0.9502920196629997,-0.07693249605828259,218448831118.08948,229875476798.76086
2025-05-05,btc,2.1198315170018898,2.1570981649877816,1883847029957.3733,888677715586.4382
2025-05-05,eth,0.95681054659157,-0.0668794091584201,220042314791.4088,229974800732.76974
2025-05-06,btc,2.1566030190508587,2.2297772302749364,1920118226994.4229,890343846332.6853
2025-05-06,eth,0.9525466356832846,-0.07348812753054351,219057496323.7082,229970363778.11884
2025-05-07,btc,2.1641775871229822,2.244839171291528,1929289214331.7031,891465296476.1846
2025-05-07,eth,0.952861731493043,-0.07299753352069789,219099979149.18185,229938900795.05365
2025-05-08,btc,2.2908345636251912,2.4920662550078876,2047161802262.9502,893631445399.2545
2025-05-08,eth,1.1210518177667912,0.19258269269047162,264808195185.2241,236214054505.2943
2025-05-09,btc,2.2831068959043845,2.4794676098756914,2044649883878.203,895555914419.0995
2025-05-09,eth,1.173906333774855,0.28218767445296794,282820618221.3505,240922644408.86224
2025-05-10,btc,2.3179930154044754,2.545414421606127,2077313318157.5662,896168929048.7736
2025-05-10,eth,1.260409666716371,0.43426861557531965,312096306238.86444,247614973512.4931
2025-05-11,btc,2.30314847924649,2.5152159794763613,2065311256125.5454,896733873102.8073
2025-05-11,eth,1.2139489415050488,0.35940898855280484,302807565286.04443,249440116411.0122
2025-05-12,btc,2.276547512358493,2.464435913481301,2044380972696.5603,898018144404.3708
2025-05-12,eth,1.1942798562091543,0.3298798872092412,301114777011.0883,252130834699.7306
2025-05-13,btc,2.2970209363653464,2.5081467971361744,2068769059377.295,900631346726.3289
2025-05-13,eth,1.2538979985395318,0.4407074990763643,323208337086.3536,257762862260.57306
2025-05-14,btc,2.2817352097814925,2.4785082732855206,2057433647794.1636,901696936162.5406
2025-05-14,eth,1.2091498751363619,0.36612811805684903,314345526726.08936,259972343536.51904
2025-05-15,btc,2.2793299047250057,2.476946213151492,2060332819995.9563,903920409118.8938
2025-05-15,eth,1.1660493922900508,0.2941951259891619,306818948979.08417,263126888970.38077
2025-05-16,btc,2.272925986368772,2.4649929729270212,2057396779611.088,905175439917.4196
2025-05-16,eth,1.1575821700136228,0.2818969702834013,307551749437.1957,265684594497.14597
2025-05-17,btc,2.263971398372875,2.4455453230637016,2049968934871.8547,905474749524.2985
2025-05-17,eth,1.1214969312657108,0.21798738196779618,298851418896.14374,266475467354.92432
2025-05-18,btc,2.3240704676353836,2.5607210073586466,2106156816753.2776,906236211889.1251
2025-05-18,eth,1.1156616434314859,0.20787267297306544,297809759488.3066,266935554557.85052
2025-05-19,btc,2.309462953385517,2.535746226871195,2098259532017.2595,908548686152.9225
2025-05-19,eth,1.1369181991892847,0.24739905048617525,305125203119.3962,268379205590.14297
2025-05-20,btc,2.3328187609635207,2.5827663030804104,2123688965537.7634,910353174912.1476
2025-05-20,eth,1.136271686721835,0.24625760950814568,304994275855.1148,268416681872.1225
2025-05-21,btc,2.387132485847717,2.6923144312285126,2179595937622.9268,913060314224.2062
2025-05-21,eth,1.1493083970338203,0.27020117199012417,308945644743.0667,268810047451.49832
2025-05-22,btc,2.4191148692725477,2.7580201894932106,2214857125536.5435,915565091046.1202
2025-05-22,eth,1.1876247442884933,0.3413432131839041,320960346147.52856,270254007161.00446
2025-05-23,btc,2.325244185229265,2.5757053468389355,2131757821570.904,916788797973.3693
2025-05-23,eth,1.1346447814318783,0.24331122376256495,304590573337.2558,268445753527.26175
2025-05-24,btc,2.3375230632787902,2.5976588741180486,2144232082359.298,917309487142.1858
2025-05-24,eth,1.1373809294793071,0.2484225192214734,305540031955.64417,268634741480.60522
2025-05-25,btc,2.3575883785824456,2.634911055534821,2164103972791.515,917931218380.3401
2025-05-25,eth,1.1438721506078822,0.26045402100638504,307641621671.9446,268947558088.94916
2025-05-26,btc,2.3615409622706873,2.6457515499651936,2173238869041.109,920263041701.1608
2025-05-26,eth,1.148496579538895,0.2693078094021417,309451575891.2797,269440572487.83456
2025-05-27,btc,2.3483230152239987,2.62403053409373,2167213819846.428,922877221658.4117
2025-05-27,eth,1.1839470976287227,0.3361622595693628,321475210150.0192,271528356962.81384
2025-05-28,btc,2.319565765914059,2.5687527691973373,2144001770511.488,924311697481.2794
2025-05-28,eth,1.1863584472324427,0.34186295716617976,323376584923.40845,272579156559.12164
2025-05-29,btc,2.269515917375292,2.472249963106682,2101084126510.3757,925785146702.2499
2025-05-29,eth,1.1665126068777751,0.30556512462005325,318098055645.84186,272691485518.74292
2025-05-30,btc,2.2301710388100866,2.3947760286220485,2066326288336.2883,926532652598.1532
2025-05-30,eth,1.1259012030968139,0.2295450609620764,305046636254.4476,270935527393.8874
2025-05-31,btc,2.2453195179282552,2.421960319717436,2080839122058.3977,926745216190.156
2025-05-31,eth,1.1305741002097782,0.23776147320214774,305932121458.9312,270598912006.00247
2025-06-01,btc,2.2668244854256177,2.4617560679193593,2101574335240.2615,927100597665.2273
2025-06-01,eth,1.1335465461099625,0.24317308653043102,306745510765.34644,270606894633.49997
2025-06-02,btc,2.263174032245519,2.4591785838754427,2104590104579.1658,929928531607.8824
2025-06-02,eth,1.1590913565597258,0.2910088711466039,315105107947.62256,271855282298.7821
2025-06-03,btc,2.249049850630191,2.4344987998591763,2096375961866.664,932116271802.1803
2025-06-03,eth,1.153088186426551,0.2800409211149609,313502507325.18634,271880772880.64014
2025-06-04,btc,2.2306295386760513,2.3995712604174018,2082482835627.2385,933585250047.0596
2025-06-04,eth,1.1585959570622566,0.29038032966955385,315302894134.03955,272142235791.6073
2025-06-05,btc,2.1644219757163037,2.2679953603070464,2020643792695.6504,933572018472.4744
2025-06-05,eth,1.087698321030233,0.15867437926978825,292514047367.4028,268929391276.7493
2025-06-06,btc,2.221377259248508,2.3779847886165006,2075379908381.1829,934276201730.4904
2025-06-06,eth,1.1139708294633606,0.2062261655212327,299608721674.4958,268955625901.6477
2025-06-07,btc,2.246857184421021,2.4263026353132173,2100553227975.266,934885066367.289
2025-06-07,eth,1.134857882742091,0.24408274746464062,305313222213.9366,269032120106.72742
2025-06-08,btc,2.2465926766265145,2.424242742759537,2101448276113.1252,935393539726.4188
2025-06-08,eth,1.127968305216147,0.23141036621996183,303201651192.3543,268803342957.63147
2025-06-09,btc,2.3383291419548384,2.6029196648360777,2190350694809.1885,936716160060.3667
2025-06-09,eth,1.191380172399276,0.34946551531366377,323401341233.98804,271451001725.75656
2025-06-10,btc,2.3319943207037923,2.5914145002389195,2187943357305.6514,938228424435.1561
2025-06-10,eth,1.236837252223787,0.4366936252530981,339054399236.3769,274130164358.13992
2025-06-11,btc,2.2994649025476215,2.5275112654585365,2159600242681.1958,939175127347.4681
2025-06-11,eth,1.2218443956358587,0.40936651403720387,335236655645.9989,274369352466.9635
2025-06-12,btc,2.2419620475504867,2.4144865008080396,2107037660426.0664,939818612330.2866
2025-06-12,eth,1.1721834762265533,0.3166571976669531,320547197547.2144,273461624437.07812
2025-06-13,btc,2.2394272436628913,2.410106454453378,2107599273522.1548,941133175675.2616
2025-06-13,eth,1.1447153902753082,0.26482593171324637,311501324278.6211,272121198793.09378
2025-06-14,btc,2.227143824699812,2.384070579141784,2096562615729.3809,941368308807.7926
2025-06-14,eth,1.1256411485245053,0.22973935433439122,306078726386.3553,271915011980.1186
2025-06-15,btc,2.227219971359887,2.3824813369309323,2097515696363.0134,941764048156.5549
2025-06-15,eth,1.1297514555507713,0.23764883860314534,307716353475.6839,272375266226.73605
2025-06-16,btc,2.258771912231857,2.4462673432644655,2131978316689.5857,943866135905.2457
2025-06-16,eth,1.1360484087408185,0.24959008382346903,309949836540.58356,272831539708.88266
2025-06-17,btc,2.2032072026463054,2.3362197717961997,2080020784384.478,944087683576.0765
2025-06-17,eth,1.1164660283567658,0.21303589339966256,303718046989.70154,272035188958.4308
2025-06-18,btc,2.20581725377894,2.340081331786069,2083743868284.6494,944658432023.2522
2025-06-18,eth,1.1217246890937038,0.2224120421481002,304824070958.46326,271745887312.81784
2025-06-19,btc,2.202308074044105,2.33212618300828,2081724883731.6504,945246901769.2755
2025-06-19,eth,1.1243516642532525,0.22672847753839992,304896048951.9547,271174987902.4317
2025-06-20,btc,2.1712340906871987,2.270409740799595,2053249239006.7852,945660004056.462
2025-06-20,eth,1.0792016900324102,0.1433038463756015,290416093063.01917,269102704105.56668
2025-06-21,btc,2.1341088047568837,2.19708921012057,2018963554074.313,946045276404.8795
2025-06-21,eth,1.0283323927814427,0.05073180229832016,273849578471.5447,266304533819.88086
2025-06-22,btc,2.1199152283858615,2.1680195370876643,2006094738210.3289,946308942616.4473
2025-06-22,eth,1.02067551907355,0.03666447042976925,269179370125.63007,263726684039.56595
2025-06-23,btc,2.2134869832042128,2.34977641489943,2097542487005.0586,947619074754.4788
2025-06-23,eth,1.1042345237811815,0.18574653636339813,292642074168.97095,265018044506.4239
2025-06-24,btc,2.220349702793955,2.363559197242118,2106868694059.5767,948890479462.9509
2025-06-24,eth,1.1149620245463938,0.20471351307716548,295271718993.39923,264826704849.904
2025-06-25,btc,2.2450664068043222,2.4123054252178746,2133579562773.2737,950341404738.3385
2025-06-25,eth,1.1055781403432479,0.1876481103844889,292233583683.512,264326484958.16183
2025-06-26,btc,2.2341438252792543,2.393585609349901,2127821320993.0576,952410179200.1206
2025-06-26,eth,1.1063848594139747,0.1887341904327029,291909347649.57056,263840692653.89972
2025-06-27,btc,2.2307257878946083,2.3896477523412565,2129413451733.8088,954583240705.5197
2025-06-27,eth,1.1093531810899604,0.19402797837734143,292735205406.5579,263879177881.7816
2025-06-28,btc,2.2355962704995864,2.3971207185429897,2134764370076.9768,954897088641.1093
2025-06-28,eth,1.1172805449780585,0.20800067549975937,294697148139.543,263762892376.62363
2025-06-29,btc,2.255148786868359,2.433691521571164,2154771519854.2253,955489736376.3196
2025-06-29,eth,1.142875959897951,0.2543244909768561,302560630256.9602,264736192617.0678
2025-06-30,btc,2.224449219216365,2.3774382470617703,2130802792373.5325,957901297078.9136
2025-06-30,eth,1.1331817058043336,0.2377347407856826,300842902570.96735,265485138905.79333
2025-07-01,btc,2.190371437932748,2.3099840443503994,2099293644623.7915,958419018924.5186
2025-07-01,eth,1.0929288092587792,0.16589616017117875,290180970290.13214,265507659631.4923
2025-07-02,btc,2.2572933277993874,2.440052690269251,2166178189392.104,959635224503.0952
2025-07-02,eth,1.163616038877851,0.29482166793272896,311854385606.1351,268004543755.5812
2025-07-03,btc,2.2682210955541695,2.4623562198478495,2180250385703.646,961215989912.5571
2025-07-03,eth,1.1639490678093147,0.2965168600864006,313113429406.9473,269009562416.9042
2025-07-04,btc,2.215345083660493,2.379150160701873,2149464119255.1885,970261534019.5908
2025-07-04,eth,1.1290317086402593,0.23313060575873462,303421362691.9185,268744766307.17636
2025-07-05,btc,2.2180745576921685,2.3824633319467803,2152766699219.0435,970556508911.4607
2025-07-05,eth,1.1306084111875878,0.2364354554844059,304439906092.9139,269270866093.35507
2025-07-06,btc,2.236333996776805,2.4163690160302433,2171420830654.5227,970973402803.0514
2025-07-06,eth,1.1503914129103168,0.2730112256648839,310647053068.45953,270035963048.9325
2025-07-07,btc,2.2137003448829926,2.373288450867866,2152963631063.5625,972563263153.5591
2025-07-07,eth,1.1369600529685482,0.24892316392478223,307393016260.36597,270363954703.4019
2025-07-08,btc,2.2241472452865456,2.3953013417699958,2167078035042.8594,974341082693.7703
2025-07-08,eth,1.1634423108368825,0.2985783750485175,316182143646.93555,271764350240.53812
2025-07-09,btc,2.268230580456622,2.4852832661374205,2216066450892.27,977002280978.9247
2025-07-09,eth,1.2225741389129094,0.4106356001417653,335580027671.08435,274486443799.20874
2025-07-10,btc,2.3546017983970526,2.6559460082451056,2304779478142.834,978840447549.0776
2025-07-10,eth,1.2773022209576999,0.5204190576693262,356694159142.51324,279255882664.22174
2025-07-11,btc,2.38212290459618,2.7151994693012265,2339537436457.521,982122892124.2927
2025-07-11,eth,1.270370545815764,0.5115315055757151,357692989252.0122,281565871020.9791
2025-07-12,btc,2.37341147249211,2.6988736824098996,2334893219628.7124,983770933397.0006
2025-07-12,eth,1.2570783514810824,0.488435462046113,355494502806.43207,282794228687.17017
2025-07-13,btc,2.4017092198498973,2.7533487859597594,2365126544898.0674,984768066571.3079
2025-07-13,eth,1.2605806631120322,0.4985593473017144,359037667464.4974,284819272555.0229
2025-07-14,btc,2.4125084332311304,2.780741219259027,2384502915692.5654,988391535899.8118
2025-07-14,eth,1.2656110904240074,0.51327202733414,364139739200.3519,287718511599.2916
2025-07-15,btc,2.3641951149221963,2.6874833573388948,2341591953037.3784,990439383897.6519
2025-07-15,eth,1.298389647053158,0.5845438540068576,378786424327.2625,291735555029.23267
2025-07-16,btc,2.368875124533446,2.7109269760394867,2361917162381.5225,997062756884.1166
2025-07-16,eth,1.3647494371225393,0.7302507196353615,407018065674.8579,298236478142.84625
2025-07-17,btc,2.3749858049492363,2.729844320630128,2377315036151.223,1000980734788.8704
2025-07-17,eth,1.3891387767646064,0.7931278587056764,421906857995.1658,303718292982.80334
2025-07-18,btc,2.340384009446915,2.6620243246201736,2346669299827.5835,1002685580808.6613
2025-07-18,eth,1.3878872756032576,0.8030171930351808,428315726635.857,308609880762.60425
2025-07-19,btc,2.336414214135971,2.6539546254232453,2345727189536.0054,1003986012130.7634
2025-07-19,eth,1.3924422238965708,0.8208688373630206,434343168642.6299,311929041786.1477
2025-07-20,btc,2.323370138320551,2.625822720363119,2333788554645.3423,1004484182762.3394
2025-07-20,eth,1.4317599372041279,0.917751710412995,454056117479.61456,317131458759.9605
2025-07-21,btc,2.3218439654227243,2.623889400363369,2336365376851.4854,1006254258100.4651
2025-07-21,eth,1.4162554446766693,0.8966668029226801,455375520980.6891,321534877547.9209
2025-07-22,btc,2.3670956161477066,2.71779514343906,2388857383305.068,1009193446605.582
2025-07-22,eth,1.3942722083449235,0.8577510718836341,452966015411.6269,324876313750.32715
2025-07-23,btc,2.334400354595592,2.6546192003696603,2360708516578.7466,1011269772955.3387
2025-07-23,eth,1.344791219392352,0.7532635282536905,438905928007.99817,326374772290.9131
2025-07-24,btc,2.3257901969225427,2.637633898571666,2355321152006.9604,1012697170674.9357
2025-07-24,eth,1.3599508221507184,0.7944196377301748,448584094510.7772,329853173515.0216
2025-07-25,btc,2.304027155259395,2.5965012566987715,2338330202043.723,1014888299691.2708
2025-07-25,eth,1.3508158335547509,0.7819108815370905,450171802832.18445,333259199107.49866
2025-07-26,btc,2.3118305041157874,2.6100526006836873,2347599668866.052,1015472226310.0967
2025-07-26,eth,1.3518208702857906,0.7876113456043428,452696903330.7084,334879356637.6905
2025-07-27,btc,2.3388539623352456,2.6619129947773925,2376601218524.414,1016139210398.3608
2025-07-27,eth,1.3853717253313553,0.868428629829124,467236283546.8535,337264197762.5891
2025-07-28,btc,2.3084821087206895,2.601120104810743,2348488298493.5293,1017330084396.8899
2025-07-28,eth,1.3549039331166706,0.8020311728121933,458466391627.17053,338375570711.1761
2025-07-29,btc,2.3014237166265827,2.588326007687112,2345519559459.0205,1019160245249.0032
2025-07-29,eth,1.349275714875779,0.7922448396913152,458471635348.2401,339790919152.83545
2025-07-30,btc,2.2955727612124828,2.5768914612344718,2342809433816.109,1020577292692.163
2025-07-30,eth,1.3479466887147058,0.7917330715719256,459688135624.7979,341028424546.31476
2025-07-31,btc,2.2576734658479003,2.4997148628926467,2305368665823.827,1021125818546.1351
2025-07-31,eth,1.312808975115935,0.7114279887920866,447673542191.0667,341004327877.582
2025-08-01,btc,2.2070884136924738,2.397018412954496,2254355122015.2285,1021415865367.9293
2025-08-01,eth,1.2462161107482712,0.5548016083146087,421177732400.66046,337965244365.0169
2025-08-02,btc,2.1923149563631275,2.3654490919047433,2239750089818.0874,1021637006725.3707
2025-08-02,eth,1.2208822817428142,0.49495769806669637,410448603878.7778,336190155280.8685
2025-08-03,btc,2.2240971442941064,2.427481765342774,2273995431945.681,1022435300445.2113
2025-08-03,eth,1.2606928256603642,0.5839812795375249,423840957939.1659,336196850899.9435
2025-08-04,btc,2.240631105189466,2.459183106706586,2292689374189.235,1023233752704.4045
2025-08-04,eth,1.3267453594442011,0.737871790241451,449850935279.61,339063507610.88104
2025-08-05,btc,2.2178999959543493,2.4130012032226036,2271073998199.12,1023974932297.1122
2025-08-05,eth,1.2948316420935637,0.662703070464767,437152709148.01685,337613551396.69073
2025-08-06,btc,2.2349723954934775,2.4448766163138522,2289501873478.173,1024398278070.3004
2025-08-06,eth,1.3181817213453095,0.715448414268295,445380562456.3613,337874934270.6823
2025-08-07,btc,2.2781308995532936,2.5312374580070687,2337531175120.7417,1026074127513.5225
2025-08-07,eth,1.384462084308368,0.8723468507802968,472271238830.4314,341122551627.2356
2025-08-08,btc,2.2621480824612368,2.4990839249690575,2323564790361.163,1027149729222.4585
2025-08-08,eth,1.4126161866441191,0.9433813834409059,485830870622.49603,343922769125.74524
2025-08-09,btc,2.2569920501462186,2.4866315299792148,2319048455360.759,1027495181124.1515
2025-08-09,eth,1.4762260035506485,1.1048891733246229,515558906269.6335,349241176506.5788
2025-08-10,btc,2.307419605120224,2.5846803583610116,2372392553182.501,1028158271654.6658
2025-08-10,eth,1.4607411838698399,1.0762361135973122,513972322797.8074,351857213634.64014
2025-08-11,btc,2.296376996154095,2.562265316484596,2363546734531.7153,1029250309722.7128
2025-08-11,eth,1.433047219538138,1.0253165527008359,511434028978.87537,356885678298.65875
2025-08-12,btc,2.320647620011929,2.610255535637356,2391709484341.113,1030621566030.2698
2025-08-12,eth,1.5154514457597223,1.2544725367447966,556419913286.0765,367164461021.14044
2025-08-13,btc,2.379739102823155,2.7283299795016016,2457225396914.5664,1032560835765.3522
2025-08-13,eth,1.5323185482003696,1.324963627296091,575958409420.3792,375873809069.8002
2025-08-14,btc,2.2824160062100023,2.5352065540247604,2359101850712.399,1033598539571.1166
2025-08-14,eth,1.4585688029660178,1.1477681430264552,551766004363.0055,378292750565.4738
2025-08-15,btc,2.25769289975179,2.4851091794143034,2335282091620.0776,1034366583638.0217
2025-08-15,eth,1.4100552906408679,1.0304375012661242,535955491246.91785,380095372716.43225
2025-08-16,btc,2.2532741501991906,2.48142647042148,2338348119563.309,1037755711774.6182
2025-08-16,eth,1.3989685999280346,1.0081041083103497,535081943746.3891,382483169224.7522
2025-08-17,btc,2.2553050008051305,2.4831512627557553,2341181540292.769,1038077572415.6959
2025-08-17,eth,1.409198687490489,1.0407316899206582,542962502798.62054,385298757101.1239
2025-08-18,btc,2.229656237704237,2.43057540438642,2315575768549.498,1038534877884.9102
2025-08-18,eth,1.3584752370444682,0.9101217764753615,522867344082.58716,384892804686.04645
2025-08-19,btc,2.162405961142789,2.2968102291564128,2247401509643.068,1039306009152.5831
2025-08-19,eth,1.2961221362088042,0.7459861561423298,495289791946.0688,382132036873.31976
2025-08-20,btc,2.187593393945847,2.345528347699008,2275149059638.685,1040023738385.3634
2025-08-20,eth,1.3606405430950606,0.9164248865058818,524841310497.8313,385731053775.57715
2025-08-21,btc,2.1500922222394157,2.269630916341224,2236772618107.5776,1040314733931.6825
2025-08-21,eth,1.3289622472164153,0.8326267066782714,510929069252.7913,384457173499.81946
2025-08-22,btc,2.2309603181709265,2.4311247126835673,2325500247698.1377,1042376338457.1182
2025-08-22,eth,1.4855245644189852,1.2565880535546419,584570930656.8203,393511453568.8989
2025-08-23,btc,2.2012721767196215,2.37050827127743,2295281301319.894,1042706724590.6714
2025-08-23,eth,1.4647197991528078,1.2053803890115133,578202046976.6125,394752666899.8698
2025-08-24,btc,2.167328504514984,2.301308953496295,2260210071457.8794,1042855324769.3667
2025-08-24,eth,1.4666206902744452,1.2098521850843877,579289740429.4108,394982659300.2787
2025-08-25,btc,2.101608862718138,2.169889447049073,2192032047921.6606,1043025696554.483
2025-08-25,eth,1.3589437060100622,0.9177980036480046,529718918222.888,389801958594.86597
2025-08-26,btc,2.1348985660008872,2.234383336760245,2228039674983.5347,1043627884933.7185
2025-08-26,eth,1.415530950835455,1.071432367836728,556892536687.8601,393416008572.0335
2025-08-27,btc,2.1218251202374474,2.2072355588413584,2215288753962.2065,1044048697903.1995
2025-08-27,eth,1.3878242399224507,0.9981478665802269,545416021449.225,393000789119.883
2025-08-28,btc,2.1427891220239426,2.2487311276805118,2239813780373.4775,1045279611209.661
2025-08-28,eth,1.38177927277473,0.9854802214851561,545065790485.0083,394466613607.88104
2025-08-29,btc,2.0585239707912053,2.088953877105855,2160062777589.6702,1049326025948.3098
2025-08-29,eth,1.3423557667024508,0.8813440672851367,528466885071.4958,393686158453.8764
2025-08-30,btc,2.063022252855391,2.096531192595961,2165549227144.0295,1049697464070.8469
2025-08-30,eth,1.3444044523851473,0.8857350703382888,529121504931.1502,393573157238.8207
2025-08-31,btc,2.054653984489101,2.0782904507652424,2157036868947.1282,1049829745169.2262
2025-08-31,eth,1.3523435205371321,0.905249425880074,532098942891.1956,393464334180.30743
2025-09-01,btc,2.0664722780336136,2.1006043813744593,2170551279014.5664,1050365544259.8005
2025-09-01,eth,1.332516531553125,0.8475278421165342,520483348377.8213,390601794464.1691
2025-09-02,btc,2.1061331661206095,2.1776661450395878,2213397100781.9453,1050929322222.7303
2025-09-02,eth,1.3433488836623444,0.8718994429627553,523127326291.6469,389420300752.73944
2025-09-03,btc,2.117352868701102,2.1984664196343573,2226186647369.095,1051400869584.2737
2025-09-03,eth,1.3807354641341267,0.9690168477551447,539300627146.07623,390589393229.12024
2025-09-04,btc,2.0988399671512004,2.1617997625925973,2208707196345.665,1052346644295.8916
2025-09-04,eth,1.339848231813719,0.86298855740793,522492017198.68475,389963583033.1323
2025-09-05,btc,2.0909910896315393,2.1486264310611474,2204984484343.3813,1054516442120.2432
2025-09-05,eth,1.3422489414699732,0.8653383194411479,521518773513.6837,388541020522.27277
2025-09-06,btc,2.081547548704114,2.1285932817212876,2195720165768.2253,1054849872218.9606
2025-09-06,eth,1.3340628619899346,0.8430607231272816,517703668054.90485,388065422406.4674
2025-09-07,btc,2.1007955085878978,2.165205697929893,2216968057740.037,1055299313368.3096
2025-09-07,eth,1.345470547659487,0.8717673994411199,522429093419.80914,388287275651.33295
2025-09-08,btc,2.114485395928852,2.191482902258271,2233048249212.6406,1056071729562.2211
2025-09-08,eth,1.3396054984151284,0.8579817926799936,521110641844.5526,389003062812.9494
2025-09-09,btc,2.1019000165432096,2.1654068526882715,2220639486843.1694,1056491493108.8107
2025-09-09,eth,1.3421851489683323,0.8632114451696898,521680446455.2863,388679942447.78735
2025-09-10,btc,2.145924375428194,2.2517424628980067,2269387779972.4683,1057533902852.3029
2025-09-10,eth,1.351423063891074,0.887812640582189,526396471075.49695,389512718215.6224
2025-09-11,btc,2.1718284060122492,2.302956724600019,2299620481124.1,1058840778929.9032
2025-09-11,eth,1.3797276515387595,0.9634476092802821,540131705879.6294,391477046413.64575
2025-09-12,btc,2.1834524058125826,2.324968416857441,2313674623907.2764,1059640511397.4678
2025-09-12,eth,1.435994751380515,1.119297897209395,569305164773.3231,396453513653.87177
2025-09-13,btc,2.178678922337634,2.314488310242649,2310069502058.3306,1060307454381.4469
2025-09-13,eth,1.4203622408914494,1.0816788203948777,564896443111.173,397712940296.5768
2025-09-14,btc,2.1673601179200923,2.2904743379454886,2298776200578.8613,1060634170377.2249
2025-09-14,eth,1.3996129879020625,1.030091338148351,558073718522.1863,398734309659.9196
2025-09-15,btc,2.1656665085615017,2.287009482324444,2299332980316.204,1061720708717.746
2025-09-15,eth,1.3707850225769584,0.9570138844013205,547701233878.8934,399552975016.65283
2025-09-16,btc,2.1888797241350617,2.3328216110858095,2326841616711.2607,1063028539693.1597
2025-09-16,eth,1.3609723432797687,0.934136559641553,545619592956.09,400904247356.869
2025-09-17,btc,2.1818070259413114,2.31949390622479,2322443908090.3315,1064458900570.4316
2025-09-17,eth,1.378214337665614,0.984665659936867,556311198668.4489,403646358527.0164
2025-09-18,btc,2.1884252567803575,2.3316367508593547,2331240531967.0737,1065259379887.0829
2025-09-18,eth,1.36533595922523,0.9575478982041323,555265691225.2505,406687956523.41864
2025-09-19,btc,2.1584515968726663,2.2743879041393917,2303368556120.721,1067139313875.7533
2025-09-19,eth,1.3293452117599824,0.8622598854001862,540419588737.3651,406530661830.02856
2025-09-20,btc,2.1600824520314994,2.2762409080132397,2306228956192.6875,1067657835942.2073
2025-09-20,eth,1.3331867268915938,0.8731498625680145,542894831594.0307,407215899051.00775
2025-09-21,btc,2.1511992423053936,2.25731983203879,2297674188701.3037,1068089902374.1455
2025-09-21,eth,1.326960142368451,0.8542320834255479,539102920484.23816,406269113345.0397
2025-09-22,btc,2.1030843290113816,2.160594518567941,2246060606259.7524,1067984091401.4043
2025-09-22,eth,1.2665006094158267,0.6885007010316608,509094282384.7151,401969236019.1874
2025-09-23,btc,2.0884207525288683,2.131931063820197,2232655622694.4663,1069064085860.5452
2025-09-23,eth,1.2629927926793985,0.675422834417439,504969987710.93616,399820165750.63635
2025-09-24,btc,2.1098438050041244,2.1741066134653284,2258059127591.763,1070249429003.2759
2025-09-24,eth,1.2612175983698526,0.6686607404238828,502884490649.67426,398729363830.3667
2025-09-25,btc,2.0312424703115273,2.0195072706481527,2175251165398.7356,1070896851159.8333
2025-09-25,eth,1.1924299209623916,0.4859519596827403,469261997408.45197,393534235563.05756
2025-09-26,btc,2.0392977420667635,2.034742588740043,2185314295488.7644,1071601390228.5881
2025-09-26,eth,1.2379764388055823,0.6019260818877166,488202409658.5614,394355170547.17633
2025-09-27,btc,2.0384097258593887,2.031617333352233,2184881768009.1887,1071856035757.5059
2025-09-27,eth,1.2404248736696706,0.6048884874661408,486808933719.7324,392453379525.9666
2025-09-28,btc,2.0843982136269275,2.120557873373043,2235260600040.1855,1072376950539.9604
2025-09-28,eth,1.2783500916250625,0.6988317922118897,500910192596.6815,391841167672.5545
2025-09-29,btc,2.122720877587773,2.1953973076014988,2278575750081.5845,1073422216806.4426
2025-09-29,eth,1.3044416201308453,0.7638185186205156,511084876371.6082,391803564440.34845
2025-09-30,btc,2.112807213335253,2.177016228965547,2271271762904.084,1075001897271.394
2025-09-30,eth,1.2847485322034904,0.7113456313847343,501482753377.2509,390335338634.0522
2025-10-01,btc,2.186155026712077,2.3271290533391946,2359441494737.0894,1079265407030.9146
2025-10-01,eth,1.3374275888773748,0.8477893262313178,525380272514.5305,392828947812.8159
2025-10-02,btc,2.221772196583208,2.398988676993742,2402645137487.716,1081409309731.5137
2025-10-02,eth,1.3710325767259093,0.9381429637286994,542386373948.00616,395604293548.7722
2025-10-03,btc,2.249202943238196,2.456001871589906,2438354357753.2856,1084097086518.4655
2025-10-03,eth,1.3755253169834114,0.954433542825906,547388366508.82794,397948594439.01416
2025-10-04,btc,2.247639041410611,2.452386935666804,2439035713312.3604,1085154541443.4648
2025-10-04,eth,1.3585880831646375,0.9157729619846645,543636835032.4197,400148390648.3966
2025-10-05,btc,2.266766621760195,2.4890741956645326,2461893696556.56,1086081678159.1942
2025-10-05,eth,1.3593569415995845,0.9225655054437001,547202768371.77344,402545315086.9029
2025-10-06,btc,2.287145426879909,2.5298649135454783,2487865019395.093,1087759873139.769
2025-10-06,eth,1.396833118049456,1.0296148671192933,568735399164.7352,407160591924.4812
2025-10-07,btc,2.2193474280974277,2.4030298345096672,2423405991080.0264,1091945299054.6555
2025-10-07,eth,1.3350407429337767,0.864052814947042,540675451119.5154,404987978068.2731
2025-10-08,btc,2.248606081441407,2.4617692116267893,2459392369263.4487,1093740868870.604
2025-10-08,eth,1.3575253423015725,0.9193605735394306,548581315963.78595,404103922681.62854
2025-10-09,btc,2.2125534313089377,2.3917285839126756,2423819431448.1187,1095485151748.0402
2025-10-09,eth,1.310788211262845,0.7978891104973215,529179236681.2731,403710707904.1007
2025-10-10,btc,2.070562788244427,2.108818137159448,2267429035644.9536,1095078617522.8447
2025-10-10,eth,1.1802499814321767,0.4547200382909891,468396010905.44336,396861697330.4819
2025-10-11,btc,2.019478996261419,2.0062633048701812,2211374961639.2163,1095022511119.4752
2025-10-11,eth,1.1558212049171686,0.3891040188584649,454210460854.96625,392976404068.92957
2025-10-12,btc,2.0951257451651712,2.1540954075797196,2295401165962.6973,1095591122041.096
2025-10-12,eth,1.2720055104401529,0.6822970048072866,502392085861.18036,394960620640.18677
2025-10-13,btc,2.09746317757528,2.1575362350105465,2299030741394.9785,1096100644804.9856
2025-10-13,eth,1.3012038185122388,0.7563206320110758,514754026988.7703,395598306480.0149
2025-10-14,btc,2.056829337301677,2.0799322163478533,2259119504832.801,1098350487258.4642
2025-10-14,eth,1.2740120458425583,0.6834720116265832,500911234385.97986,393176215264.6728
2025-10-15,btc,2.0058910258061653,1.984075513084195,2210046641902.439,1101778019578.219
2025-10-15,eth,1.2392827967837299,0.5909235921760893,482640808854.31934,389451713609.59845
2025-10-16,btc,1.9578568178170297,1.8865162443588381,2155719311026.7778,1101060757563.6511
2025-10-16,eth,1.2210034962839864,0.5406482839011235,471244413592.02673,385948455533.679
2025-10-17,btc,1.9292830315776204,1.8299902698181811,2125682123928.4111,1101799004674.908
2025-10-17,eth,1.2144339241812585,0.5202321720591132,465009150175.46686,382901976728.7583
2025-10-18,btc,1.9381495183779993,1.8464793411360394,2136069072945.8809,1102117794675.3647
2025-10-18,eth,1.2338743572501154,0.565526123875015,471089899605.6836,381797301190.03534
2025-10-19,btc,1.965929731213064,1.9000642288511687,2167271973156.9055,1102415787679.0461
2025-10-19,eth,1.2604541072528594,0.6320306556446187,483162898307.91974,383324466577.3401
2025-10-20,btc,2.0002412420408935,1.9665120635462348,2205873161783.9473,1102803559601.2622
2025-10-20,eth,1.2550768973265398,0.6204188034862745,482435263713.82074,384387016238.9764
2025-10-21,btc,1.9642552693241937,1.895096125366912,2167248302706.2048,1103343509650.7856
2025-10-21,eth,1.229187055490027,0.554575168524905,470240117002.9483,382561885030.1695
2025-10-22,btc,1.9422693938130509,1.8535830130355484,2146708963448.5059,1105258091532.8643
2025-10-22,eth,1.2103017621199867,0.5056762167405392,460273821256.0969,380296745540.4451
2025-10-23,btc,1.9838505829202955,1.9353015950383743,2194476255972.5574,1106170129376.4844
2025-10-23,eth,1.2295802583840225,0.5513291291320467,467194342744.14856,379962462440.76764
2025-10-24,btc,2.0002399703642184,1.9668291255440151,2213759431224.074,1106746922381.0063
2025-10-24,eth,1.2526147982847213,0.6071104638132805,476513834700.0374,380415300340.1809
2025-10-25,btc,2.010123020095332,1.9852689382193822,2225571303267.163,1107181640634.9165
2025-10-25,eth,1.2574880327521292,0.6196310039763757,479200662014.84955,381077711702.81
2025-10-26,btc,2.061141989497095,2.085597158274399,2284298071832.6084,1108268175347.7654
2025-10-26,eth,1.3118738969548085,0.7574361263201946,504806272044.36145,384797862977.64185
2025-10-27,btc,2.0506486983041583,2.065140074750842,2274991986566.83,1109401131675.1616
2025-10-27,eth,1.2941643583535154,0.7156268373567067,499079946980.8248,385638766636.8537
2025-10-28,btc,2.0269852854220023,2.0205779440337355,2252973055585.6294,1111489595799.6943
2025-10-28,eth,1.2549389603314474,0.6184335353985825,482787592345.05597,384710019854.30817
2025-10-29,btc,1.9748570714184714,1.918698427689821,2197691726032.41,1112835839028.0286
2025-10-29,eth,1.2333472314258809,0.5639628111085307,472919508994.3674,383443929612.2812
2025-10-30,btc,1.9325248327320044,1.8369311688233119,2154140935697.1548,1114676975535.6016
2025-10-30,eth,1.2030309789333915,0.4884862987253634,459386731074.0357,381857773505.8231
2025-10-31,btc,1.9596274069163773,1.8891156180506659,2184790344305.3538,1114900892176.8896
2025-10-31,eth,1.221343427292749,0.5326773003757562,466674956537.5447,382099699485.8231
2025-11-01,btc,1.9663440701835697,1.9020789596191006,2193832993167.6711,1115691310810.5562
2025-11-01,eth,1.227233383164807,0.5469283957971415,469175676879.07587,382303548220.9251
2025-11-02,btc,1.9727764696344197,1.913574677565056,2201542028456.724,1115961216257.1553
2025-11-02,eth,1.2334970106757845,0.5620090358180461,471763503301.05914,382460191810.7596
2025-11-03,btc,1.9020882532144816,1.7742279024073897,2123942098026.172,1116636988024.4846
2025-11-03,eth,1.1521551803453443,0.3620438935788617,435746640426.4341,378201346363.62476
2025-11-04,btc,1.8116855886218344,1.594054502739758,2021350949128.4888,1115729441037.365
2025-11-04,eth,1.074191216060715,0.1728376774071914,397827196184.43787,370350446211.38666
2025-11-05,btc,1.8570557344204919,1.6824375792615118,2072575814667.257,1116054718365.2622
2025-11-05,eth,1.1267134701760295,0.2938300961998877,415444045571.6068,368722001261.5105
2025-11-06,btc,1.8097201631689654,1.5880895567110704,2019281654873.9138,1115797732693.65
2025-11-06,eth,1.0985282477097797,0.2257965214822017,400381677304.19257,364470989379.5734
2025-11-07,btc,1.8428465053331913,1.6572762115418809,2062945632162.0864,1119434324124.0815
2025-11-07,eth,1.143146043553386,0.3279989058356184,416678408785.1357,364501466050.5855
2025-11-08,btc,1.8227583856026046,1.6172374896652748,2041174456726.6418,1119827220573.6301
2025-11-08,eth,1.13743368168896,0.31341372871991857,412716662973.3284,362848990334.5318
2025-11-09,btc,1.8641651761462625,1.6978497375085524,2088104138262.2363,1120128283148.662
2025-11-09,eth,1.19314354005692,0.4408786209238953,433463775210.11835,363295580672.07874
2025-11-10,btc,1.8875443600732529,1.7438922720598777,2116014386447.375,1121040877876.5103
2025-11-10,eth,1.1938430989058912,0.44138514928451705,432767815952.66315,362499742511.62256
2025-11-11,btc,1.831888197421843,1.633760109475973,2054067273200.924,1121284189773.028
2025-11-11,eth,1.150784730980227,0.3410687623958855,414491265224.155,360181408447.34314
2025-11-12,btc,1.808509903130079,1.5871648624830754,2028334526602.0334,1121550135330.469
2025-11-12,eth,1.1497701586682747,0.33809484048103056,413386125580.0557,359538054161.0696
2025-11-13,btc,1.7800126434105845,1.5296034083804786,1995531055051.6218,1121076899334.8801
2025-11-13,eth,1.1015430981759484,0.2278046485848746,393656664060.2006,357368372342.4521
2025-11-14,btc,1.6842606972655323,1.3389922229785425,1885204557913.1167,1119306863227.1863
2025-11-14,eth,1.0636172619284496,0.14163418508269293,377257068257.4543,354692502426.52856
2025-11-15,btc,1.7025099652616347,1.3741826067954084,1905969346288.112,1119505544859.0051
2025-11-15,eth,1.0837024152713384,0.18625919482538977,384247199273.7686,354568923958.29944
2025-11-16,btc,1.6785525812642026,1.3264404500059492,1878905175037.5247,1119360332234.8271
2025-11-16,eth,1.0629000554573136,0.13911901493954046,374628597527.6128,352458912391.74744
2025-11-17,btc,1.6392867114437717,1.2481699594399194,1833638268626.4456,1118558612002.352
2025-11-17,eth,1.0476501395254318,0.10441144595412362,365861441889.70056,349221011945.29474
2025-11-18,btc,1.654516965238705,1.2782605296360128,1852130060915.071,1119438542987.5935
2025-11-18,eth,1.0860881945616565,0.1879293108229751,377909363532.31415,347954581796.0371
2025-11-19,btc,1.628739580213074,1.2264154956999727,1821925037070.4468,1118610402303.9092
2025-11-19,eth,1.0599863572645432,0.12977353741353775,365551434223.1072,344864282184.22406
2025-11-20,btc,1.5515619978194948,1.0744344630872653,1733993481993.4502,1117579242357.2744
2025-11-20,eth,1.011699170211347,0.02501616723591201,344870222788.859,340882184095.11456
2025-11-21,btc,1.5202473672522108,1.010577803634486,1694864140154.9482,1114860763231.1514
2025-11-21,eth,0.9927513433102657,-0.015308148668177786,334240658403.18225,336681144433.08453
2025-11-22,btc,1.5063202250156786,0.9902378486535635,1691449473896.7935,1122901655177.0642
2025-11-22,eth,1.0029319732777204,0.006162508462425003,336077291649.92664,335094802643.07416
2025-11-23,btc,1.5408129016405958,1.0591878370967098,1733336869377.817,1124949607789.6475
2025-11-23,eth,1.023363011322608,0.04864683594408775,339738816520.97046,331982700920.4559
2025-11-24,btc,1.5674035927405894,1.1108818183587723,1763408070508.766,1125050420118.9592
2025-11-24,eth,1.0775534574695178,0.16191114219060915,358707304068.74744,332890495206.7259
2025-11-25,btc,1.550709768072391,1.0777421844882709,1744622674821.2332,1125047839861.0242
2025-11-25,eth,1.0797946050079854,0.16645157305979577,359184729502.18036,332641715226.5028
2025-11-26,btc,1.6019179596137354,1.1791000670325957,1804823283719.3835,1126663992302.436
2025-11-26,eth,1.0996913666523067,0.20843851710387537,366688321005.6206,333446576126.07935
2025-11-27,btc,1.6180110246025807,1.209784851997769,1822561745081.4658,1126421091926.1982
2025-11-27,eth,1.0976426316600838,0.20389040311133605,365566554855.40924,333046972039.09015
2025-11-28,btc,1.6124043653578792,1.1978822226443382,1815698698812.7935,1126081482922.4258
2025-11-28,eth,1.1024352071672745,0.2143910471660216,368047002681.9534,333849100871.5662
2025-11-29,btc,1.609812435967487,1.1922548770615689,1812783212323.2876,1126083493841.204
2025-11-29,eth,1.0854834986821598,0.17905363530020965,362707360811.5632,334143597071.6377
2025-11-30,btc,1.605936798624271,1.1839532024893669,1808153535032.7244,1125918240731.318
2025-11-30,eth,1.08655988013605,0.18179871378152931,364083336836.0106,335078943638.54395
2025-12-01,btc,1.533958697259218,1.042408661425934,1726309340197.7156,1125394929656.3054
2025-12-01,eth,1.0220156402806948,0.045919090237855474,340104024042.059,332777709692.0455
2025-12-02,btc,1.6233866164835693,1.2161732260438516,1826593716093.038,1125174802814.1548
2025-12-02,eth,1.0866518668674126,0.18200589885394733,364192408302.7602,335150952579.36646
2025-12-03,btc,1.6594397707736588,1.2865456187087378,1868163523113.6948,1125779649262.4287
2025-12-03,eth,1.1446799117162092,0.30634699487032296,386799038870.8323,337910218316.75867
2025-12-04,btc,1.6346860768202705,1.2375793637679078,1840191787722.407,1125715703960.6519
2025-12-04,eth,1.1242856578166305,0.26343475229353275,380347811258.19977,338301755086.72546
2025-12-05,btc,1.5845510954223285,1.1380920810491089,1781834205884.9922,1124504101529.198
2025-12-05,eth,1.0854143304498969,0.1806357631950242,366406539378.3541,337572970154.6147
2025-12-06,btc,1.5825974776524672,1.13381749857138,1779678725951.9175,1124530242896.5002
2025-12-06,eth,1.0902969783233383,0.19102014889736796,368204877620.9787,337710628334.681
2025-12-07,btc,1.5985004613781386,1.1642996671577865,1797652167928.5693,1124586580587.367
2025-12-07,eth,1.09387929995346,0.19870598284679508,369653376077.3295,337928852015.9919
2025-12-08,btc,1.6096177386431436,1.1851331611536393,1809775147324.2783,1124350896412.1265
2025-12-08,eth,1.1183246110235856,0.2511389239706182,379005506574.6667,338904735564.89886
2025-12-09,btc,1.6469894512126808,1.2576056373605882,1852439848225.9653,1124742995082.3372
2025-12-09,eth,1.1783520301817805,0.3822808002910588,403365178179.8849,342312965776.16034
2025-12-10,btc,1.6325770870501284,1.230449716338779,1838394451226.9824,1126069002076.1846
2025-12-10,eth,1.1717920313453785,0.3706516850646415,403843445405.1966,344637473717.52374
2025-12-11,btc,1.6416453987249757,1.2476355885286947,1848835839973.1758,1126209010428.878
2025-12-11,eth,1.1395432720271008,0.3009679925194621,392654017979.9155,344571397698.1625
2025-12-12,btc,1.6020026597826393,1.1693337044559529,1803124581759.215,1125544062457.3396
2025-12-12,eth,1.0934192086046814,0.20025969563850113,374508334498.4254,342511208465.3585
2025-12-13,btc,1.6004071227927794,1.1657833048836324,1801441441839.3125,1125614486578.7148
2025-12-13,eth,1.1017244201829017,0.21829486817043736,377799572733.1789,342916582234.2931
2025-12-14,btc,1.5625992937931457,1.0917300878844967,1758581468490.5964,1125420621573.2456
2025-12-14,eth,1.0833786996325725,0.178776370824275,371237387671.63336,342666315848.31635
2025-12-15,btc,1.5334507834438562,1.033581372816802,1723807816697.5964,1124136382666.441
2025-12-15,eth,1.053660718232772,0.11448846688460687,359300160897.8019,341001761459.25775
2025-12-16,btc,1.5583000660090016,1.0813149146072516,1751792518937.351,1124168930714.2927
2025-12-16,eth,1.054749605244473,0.11652923313344972,358830276026.71704,340204228797.5508
2025-12-17,btc,1.529104503632707,1.0238152989385823,1718034910274.951,1123556242358.4526
2025-12-17,eth,1.0218032870071754,0.045770551680453755,342876520881.34674,335560205414.5075
2025-12-18,btc,1.5183951212093738,1.002472166391137,1705589102848.2754,1123284103738.2976
2025-12-18,eth,1.0283622113470048,0.059155788424681256,342870364727.8016,333414006217.4118
2025-12-19,btc,1.5669393446155329,1.0959479278419728,1760207641640.7705,1123341275263.3755
2025-12-19,eth,1.0824015967744918,0.1721661875798282,361546424647.18427,334022442062.7024
2025-12-20,btc,1.5699331395911071,1.1007527576574687,1762731347927.2922,1122806636457.397
2025-12-20,eth,1.083646266377488,0.17426169578391926,360946163752.47046,333084858917.17633
2025-12-21,btc,1.5740329131051052,1.1083607978328052,1767580565650.2676,1122962900542.7527
2025-12-21,eth,1.0931017423756033,0.19391606439392342,364044914461.0618,333038454105.74005
2025-12-22,btc,1.5730377244463174,1.1059641281103332,1766441678579.3882,1122949342617.416
2025-12-22,eth,1.095242623393094,0.1982264628732856,364517403925.23785,332818862359.42145
2025-12-23,btc,1.5534926720508597,1.067726205482451,1744350079363.6633,1122856973030.2244
2025-12-23,eth,1.081604620434262,0.16959779510074113,359489481259.6268,332366813591.54376
2025-12-24,btc,1.5586263806194098,1.076864275722121,1749578331319.529,1122512972367.5237
2025-12-24,eth,1.076932207807045,0.15967692564579103,357492727175.5709,331954717840.1626
2025-12-25,btc,1.551577942876589,1.062900286879744,1741741838969.6328,1122561613463.3137
2025-12-25,eth,1.0628232460037748,0.13025687597819194,352463674566.0432,331629625049.4237
2025-12-26,btc,1.5547999122682274,1.0677599253389638,1743851052661.9036,1121591941768.1714
2025-12-26,eth,1.0692344478443017,0.1437072336168986,355003551237.8506,332016567511.0619
2025-12-27,btc,1.5611304886162418,1.0795931122165179,1751088738231.2805,1121679930665.7666
2025-12-27,eth,1.0769931301507032,0.1595315816652207,356979274170.5482,331459193356.78235
2025-12-28,btc,1.5623713813655937,1.0813552450556534,1752174226540.3967,1121483820965.093
2025-12-28,eth,1.0794373651705642,0.1644256908016233,357445660883.80286,331140714984.7199
2025-12-29,btc,1.55184373281198,1.0604414722523345,1739952832712.9775,1121216521949.7578
2025-12-29,eth,1.0781879479269028,0.16134933374612,355975867437.3957,330161237771.0695
2025-12-30,btc,1.575194732866138,1.1046774577593261,1765844968792.5854,1121032804356.545
2025-12-30,eth,1.0924318128067334,0.1905095959051071,360265944873.2992,329783461676.8299
2025-12-31,btc,1.5599368640000815,1.074293914526347,1747679146138.2644,1120352487636.4312
2025-12-31,eth,1.0926476843390247,0.19083690477785548,360143859022.3066,329606573266.2659
2026-01-01,btc,1.5805666838787138,1.1135629312305808,1771030307456.4983,1120503377377.5278
2026-01-01,eth,1.1032232689455268,0.21289273193222918,364126977931.8581,330057376581.528
2026-01-02,btc,1.6028335346054856,1.1558836586374137,1796152439786.1328,1120610719083.9565
2026-01-02,eth,1.1427412247984017,0.2958713145467472,379105363603.0284,331750842077.04926
2026-01-03,btc,1.6144428345714434,1.1777375439012525,1809335929206.2751,1120718485945.3796
2026-01-03,eth,1.1409202022664695,0.29262617011035275,379233042501.00415,332392258238.26
2026-01-04,btc,1.6278233718322608,1.2030105609909865,1824587914852.6606,1120875855713.3406
2026-01-04,eth,1.142742653841216,0.297315585381262,381046032739.6493,333448682832.30774
2026-01-05,btc,1.672965606192001,1.2896638805930472,1876329155088.7573,1121558714742.2903
2026-01-05,eth,1.1738636991697917,0.3625418366831325,391919675017.6949,333871534910.63556
2026-01-06,btc,1.6656981847227375,1.2756071288727682,1868891796056.5054,1121987052154.7039
2026-01-06,eth,1.1929297269662174,0.4033338027653452,399377294334.9111,334786941181.00476
2026-01-07,btc,1.6234736025512655,1.1942783774736614,1821692646787.2021,1122095637357.108
2026-01-07,eth,1.1494461103591525,0.31164083629065253,383899926773.0392,333986885781.9589
2026-01-08,btc,1.6216948371778772,1.1902082425365876,1819492476510.5996,1121969704039.347
2026-01-08,eth,1.1343734509001924,0.2790313807107016,377316074781.55646,332620685438.41
2026-01-09,btc,1.6124074298017157,1.1714826373551759,1808401358128.1196,1121553600351.808
2026-01-09,eth,1.1256071633018039,0.260798756474707,374399036228.6125,332619628263.8853
2026-01-10,btc,1.6100132123879032,1.1664397485626252,1805781433869.5881,1121594170765.4248
2026-01-10,eth,1.125250237568336,0.2598693521150082,374049472949.6808,332414480318.61884
2026-01-11,btc,1.61585640170226,1.1768998291774828,1812029241680.1577,1121404872222.083
2026-01-11,eth,1.1368724223314506,0.28383417942280115,377758339297.78436,332278566950.4528
2026-01-12,btc,1.6235117369511674,1.1909522745153103,1820537738213.6345,1121357916162.939
2026-01-12,eth,1.1331358345844726,0.2750608337956975,375160325613.20337,331081512174.3783
2026-01-13,btc,1.6956457102183626,1.3296796523204935,1903740522551.2454,1122723049442.9668
2026-01-13,eth,1.2092884775794086,0.43540542140536254,403232745020.5214,333446280599.3642
2026-01-14,btc,1.725258285011508,1.3866459464630074,1938525133766.5828,1123614446954.3308
2026-01-14,eth,1.2227404652086322,0.4629349329941427,407392587810.9621,333179934256.49
2026-01-15,btc,1.698251329285832,1.3346601270818934,1908645921457.2375,1123888960687.511
2026-01-15,eth,1.2072159088189167,0.4306899476194618,402308810695.97705,333253403767.332
2026-01-16,btc,1.6967501163466354,1.3315281831148444,1907545876899.8354,1124235005804.553
2026-01-16,eth,1.1988834571074967,0.4137825053300376,399996058773.74493,333640485572.1349
2026-01-17,btc,1.6895599397740113,1.3174733641850438,1899956122538.015,1124527208423.3633
2026-01-17,eth,1.2003253310041828,0.41767422382857267,401402211764.55286,334411181199.3028
2026-01-18,btc,1.6743922801666509,1.2880096692505794,1883103755876.9592,1124649091006.0427
2026-01-18,eth,1.1953227427703368,0.4082711712643882,400804878940.17224,335311012330.65125
2026-01-19,btc,1.6436868798008477,1.2287462557439979,1848484453618.5076,1124596464408.3997
2026-01-19,eth,1.1579490106441002,0.3287119687228025,386632210858.98865,333893986095.2318
2026-01-20,btc,1.5689223614895769,1.084624545927235,1762822147346.9717,1123587878289.4656
2026-01-20,eth,1.079462773845038,0.1636158218551819,356622686951.40375,330370528370.4379
2026-01-21,btc,1.5933664347912717,1.1306320026473606,1790086994742.5427,1123462221655.9
2026-01-21,eth,1.101297553839106,0.20819520704654457,363204884267.45874,329797231457.8673
2026-01-22,btc,1.5900557424434003,1.1236712909582345,1786063068452.813,1123270726162.2244
2026-01-22,eth,1.0964959540051333,0.19625062911865732,357861441242.7338,326368227749.11804
2026-01-23,btc,1.597227656500748,1.1323409713925081,1786982708956.3025,1118802759070.2227
2026-01-23,eth,1.1030442948963946,0.20857560571009434,358318683013.53955,324845234839.0917
2026-01-24,btc,1.5927055312322624,1.1233094792407523,1781920520861.2185,1118800987325.3608
2026-01-24,eth,1.1071629481708587,0.2160265616480136,358213412157.62335,323541726851.8847
2026-01-25,btc,1.5441681672754624,1.0307031294883753,1727217015608.6611,1118542042384.0046
2026-01-25,eth,1.0621760800617082,0.12427687585587185,340759075781.5415,320812228949.5964
2026-01-26,btc,1.5779781705662028,1.0943218128768681,1765049801467.8804,1118551469463.3281
2026-01-26,eth,1.1126700933940077,0.22442206879816792,355742562249.59985,319719712394.236
2026-01-27,btc,1.594258404220792,1.1248575089013104,1783524598036.6025,1118717388169.151
2026-01-27,eth,1.1480377447984693,0.29480125505989635,366998334736.47003,319674450077.33105
2026-01-28,btc,1.5929682871962683,1.1218520594964334,1781904984387.2817,1118606690861.0935
2026-01-28,eth,1.1467736502749926,0.2911954626264254,365260041082.4351,318511016533.0769
2026-01-29,btc,1.5108463744510505,0.9654892221313364,1688877168322.3572,1117835139880.4475
2026-01-29,eth,1.0895379100024492,0.17516736133594552,342210712263.5912,314087935006.15497
2026-01-30,btc,1.5027941233677342,0.9493766504853273,1678853413751.91,1117154630595.4604
2026-01-30,eth,1.0518721346695987,0.10068058784681619,327782260969.6121,311617971582.23145
2026-01-31,btc,1.409206961565977,0.771668267109739,1572688463359.5845,1116009575777.2437
2026-01-31,eth,0.9659958744620407,-0.06507182169980548,296778501115.4354,307225433318.44995
2026-02-01,btc,1.3779375282101736,0.712124214634153,1536921339757.8945,1115378098275.7815
2026-02-01,eth,0.9101910293982926,-0.16942795139457478,275655603144.04675,302854669229.4657
2026-02-02,btc,1.411272421681785,0.7742022927173936,1573030843440.0928,1114618849821.74
2026-02-02,eth,0.9467994246147868,-0.0996953531910901,284815418197.1626,300819171191.45074
2026-02-03,btc,1.3597906397012434,0.6757170786174851,1512475464307.3,1112285538779.4128
2026-02-03,eth,0.9126794639457328,-0.16150270558876434,270956369422.57687,296880098793.02783
2026-02-04,btc,1.315930750700471,0.5920367948648748,1460758146742.2795,1110057004112.6533
2026-02-04,eth,0.8917947111906658,-0.19712299380106835,260757818428.6563,292396686318.6591
2026-02-05,btc,1.1497951473288677,0.279047421768067,1268923762593.2034,1103608556307.6934
2026-02-05,eth,0.793410765978737,-0.3644911189155221,224653785295.62128,283149403724.6803
2026-02-06,btc,1.2794885803917828,0.5205026794816737,1411906693993.6548,1103493001525.1292
2026-02-06,eth,0.890392781857165,-0.19227700695909272,250650116669.85196,281505108506.21515
2026-02-07,btc,1.2542864998384384,0.47288997660146803,1382335759076.3145,1102089322698.0994
2026-02-07,eth,0.9066002908682818,-0.1626668469445798,253355457468.33264,279456624953.9646
2026-02-08,btc,1.278752679408799,0.518365846304659,1409480417712.4243,1102230666186.4153
2026-02-08,eth,0.9154672104769602,-0.1463380454429306,254272219269.94797,277751312510.1134
2026-02-09,btc,1.274890122985872,0.5106332520720956,1403950284903.542,1101232380415.1868
2026-02-09,eth,0.9239946309485884,-0.13119818198131553,255882702184.50153,276930940520.518
2026-02-10,btc,1.2481033012418763,0.4602814825771712,1372895651922.4705,1099985594586.942
2026-02-10,eth,0.8935333119826366,-0.1819688662826353,244986153517.88016,274176855224.66653
2026-02-11,btc,1.2182387788490885,0.4044958716305423,1338968761086.8115,1099102067947.4518
2026-02-11,eth,0.8667972282027553,-0.22573392228076095,235615963587.75485,271823623705.26776
2026-02-12,btc,1.2056557515363073,0.3806963361621104,1323651411101.5576,1097868449940.9506
2026-02-12,eth,0.8731579495054059,-0.213942680623881,236203873082.78516,270516775592.06915
2026-02-13,btc,1.2543817127922632,0.47057955799962514,1376438775426.905,1097304561593.8883
2026-02-13,eth,0.9157660812822043,-0.1427016944581324,248798463167.48962,271683422494.89737
2026-02-14,btc,1.271428434942344,0.5020548939071398,1395209152714.0444,1097355631170.3173
2026-02-14,eth,0.9301414418846563,-0.11870061320218574,253434780630.70566,272469077517.06567
2026-02-15,btc,1.2503520156434709,0.46293904717199585,1371901612478.9856,1097212301267.7845
2026-02-15,eth,0.87826318603533,-0.2058275132464817,238093261731.80533,271095573078.2817
2026-02-16,btc,1.2529918805039757,0.46757486739043447,1374287575683.373,1096804853300.893
2026-02-16,eth,0.8953202529825576,-0.1768352166809527,242484537945.87585,270835533026.41516
2026-02-17,btc,1.2303595955650781,0.4254787139483547,1348806897572.9492,1096270474448.9523
2026-02-17,eth,0.8949737979717953,-0.1771578845744052,242008792155.8224,270408801580.85834
2026-02-18,btc,1.2114637146625802,0.39021769726298344,1327041682412.6785,1095403573669.7977
2026-02-18,eth,0.8810192791242333,-0.19974955768610453,237087888977.14313,269106357369.17984
2026-02-19,btc,1.2218447878485281,0.4092235938171306,1338103087136.072,1095149809897.0951
2026-02-19,eth,0.8804083911451502,-0.20052594699343085,236605774854.73962,268745479069.078
2026-02-20,btc,1.2419474106076231,0.44588115753276764,1359022838573.6174,1094267621129.5574
2026-02-20,eth,0.88887855321774,-0.18639374407053017,238948635838.4493,268820341061.72925
2026-02-21,btc,1.2427727388908916,0.44733319369723706,1359914969948.6675,1094258771046.3613
2026-02-21,eth,0.8924283916578037,-0.180422435708979,239857138900.7054,268769058831.8678
2026-02-22,btc,1.234286313377275,0.43160681042876564,1350540164036.8374,1094187101809.0338
2026-02-22,eth,0.8845349316947978,-0.19326132689712533,237220666270.27325,268186883038.9216
2026-02-23,btc,1.1831842972470235,0.33710438399875636,1293387338339.2383,1093141061243.4851
2026-02-23,eth,0.8461407207822856,-0.2560115140809207,225566569029.34525,266582807669.1562
2026-02-24,btc,1.1743319937937022,0.3203765576140428,1282100773328.001,1091770283108.9099
2026-02-24,eth,0.8484206699074129,-0.2513839712904222,225402264889.80603,265672764566.66702
2026-02-25,btc,1.2461229941727416,0.4522193157373237,1360406516183.8442,1091711269710.5565
2026-02-25,eth,0.9336052696561616,-0.11096339714107424,249931137598.34384,267705362985.35593
2026-02-26,btc,1.2368113915864163,0.4349889892207838,1350053680284.782,1091559868763.1051
2026-02-26,eth,0.9197971959477839,-0.13416171861351434,246434910371.5957,267923093761.62265
2026-02-27,btc,1.2073254705520617,0.38052578223331573,1316988256328.348,1090831170592.4185
2026-02-27,eth,0.8806883757333612,-0.198321440897663,234442407919.94003,266203590713.58997
2026-02-28,btc,1.2275612619982268,0.41760437616951646,1339043246944.1082,1090815821904.0007
2026-02-28,eth,0.8953577141229099,-0.17410426573439294,238552005439.10962,266432065839.51147
2026-03-01,btc,1.205248174799525,0.37653394575155585,1314436530955.2666,1090594085466.1768
2026-03-01,eth,0.8853854178907236,-0.19040997062882745,235517266808.06543,266005359981.13034
2026-03-02,btc,1.263760682233652,0.48379797200078134,1378236536262.6738,1090583490718.108
2026-03-02,eth,0.9265662909729394,-0.12228402201908183,247031152208.555,266609258954.54315
2026-03-03,btc,1.2548907532524818,0.46741623141667016,1368437726302.048,1090483552257.6528
2026-03-03,eth,0.9053558493648451,-0.15766731414957338,241449616203.45535,266690292411.3706
2026-03-04,btc,1.3324599332646212,0.609610802921098,1453181528720.1433,1090600544482.9741
2026-03-04,eth,0.9605287837534291,-0.06636262169506252,258510278165.16574,269133296719.1186
2026-03-05,btc,1.3020998734899654,0.5536701666005956,1419621513717.071,1090255473193.5555
2026-03-05,eth,0.942894868894854,-0.09547460126381255,252326519538.905,267608328205.9338
2026-03-06,btc,1.2527874949037452,0.4627458515117811,1364443146701.8782,1089125771331.8026
2026-03-06,eth,0.9044351808285064,-0.15904332085304368,240901721168.1714,266355982467.9683
2026-03-07,btc,1.236301300128931,0.43243074396176523,1346249079545.6663,1088932834904.6217
2026-03-07,eth,0.8997023399224529,-0.1667872392670327,239427249904.3841,266118291884.2034
2026-03-08,btc,1.2160004257646573,0.3951937179628466,1324020725745.869,1088832452433.7936
2026-03-08,eth,0.8878907173342052,-0.18629790754956677,236094104170.59943,265904462746.77377
2026-03-09,btc,1.2588288726421142,0.47345191083530597,1370565923110.882,1088762700711.0559
2026-03-09,eth,0.9113555511509652,-0.14752560147100613,242673150788.51807,266277141212.3867
2026-03-10,btc,1.2838921987216934,0.5192169290156995,1397861675303.8767,1088768727386.6583
2026-03-10,eth,0.9274549303248621,-0.12090457038113765,247289800989.16016,266632687911.35898
2026-03-11,btc,1.2926305604960422,0.5345975166538751,1406027387800.1365,1087725627700.291
2026-03-11,eth,0.9364092307508777,-0.10605318143630367,249824721049.4317,266790109329.76917
2026-03-12,btc,1.297352966463531,0.5430114978316505,1410846656064.0881,1087480965114.6294
2026-03-12,eth,0.9459889236857164,-0.09017922326342366,252646026245.1657,267070808039.5048
2026-03-13,btc,1.30454126489792,0.5560620190635955,1418712062331.4456,1087517965514.4595
2026-03-13,eth,0.9514811135826324,-0.08105996066232307,254250501219.0394,267215499697.83896
2026-03-14,btc,1.3085611269402389,0.5632176501974986,1422864934640.0215,1087350759048.6469
2026-03-14,eth,0.9519565439213461,-0.08039671035377044,254771462623.3307,267629299100.0026
2026-03-15,btc,1.3372863065162932,0.6156669316966775,1454415017618.7727,1087586861939.5397
2026-03-15,eth,0.9836153725181463,-0.027569867197955903,264679859744.22852,269088779150.1505
2026-03-16,btc,1.3736647820354706,0.6822489730337293,1494685195333.6306,1088100397477.4939
2026-03-16,eth,1.0484482513493492,0.08258189016639225,285778601167.42554,272572919836.17645
2026-03-17,btc,1.3620392217241302,0.6608519154266528,1481953960271.9119,1088040591368.5718
2026-03-17,eth,1.031954404300725,0.054682149319654046,282376145422.32477,273632385544.8527
2026-03-18,btc,1.3108271207032423,0.5669156095663236,1425334864470.0562,1087355336152.476
2026-03-18,eth,0.9789118071781028,-0.036034751511636404,267453031535.50742,273214634428.09116
2026-03-19,btc,1.2873233530441246,0.5237687254435949,1399258410166.362,1086951780108.3507
2026-03-19,eth,0.9523009381026103,-0.08141407575125333,259867140545.54968,272883423871.5714
2026-03-20,btc,1.2979134579553593,0.5428878739853518,1410520483673.4092,1086760041686.7878
2026-03-20,eth,0.9559169705174427,-0.07526513594768654,260913320532.58185,272945588978.66217
2026-03-21,btc,1.2832286394689276,0.5160177441135961,1394484296727.6091,1086699792879.2529
2026-03-21,eth,0.9462392337880122,-0.09178701628758915,258247082151.88007,272919440380.9044
2026-03-22,btc,1.2516621596693462,0.4586259707628959,1360727895569.4658,1087136720605.9275
2026-03-22,eth,0.9140212280233633,-0.14723140979561722,250176132257.91364,273709323796.4916
2026-03-23,btc,1.301409408329922,0.549242850844799,1414938935053.9595,1087235827555.3949
2026-03-23,eth,0.9518447602733037,-0.08265492066405422,261118659405.7257,274329040095.51996
2026-03-24,btc,1.3002777489726738,0.546677077799563,1412641989096.3228,1086415567914.1829
2026-03-24,eth,0.9576228439755964,-0.07260626677691674,262210550749.64417,273814009763.0401
2026-03-25,btc,1.3129187923123302,0.5694850248283568,1426105842430.46,1086210244518.4619
2026-03-25,eth,0.9647681829176635,-0.06024137204084387,263610997732.1553,273237656879.33423
2026-03-26,btc,1.2664072256679186,0.48454568016188754,1374957542916.4944,1085715175220.4548
2026-03-26,eth,0.9214079139718342,-0.1336149459223034,250305650454.65143,271655633361.86282
2026-03-27,btc,1.221391534843414,0.402229418974509,1324794804322.2463,1084660214623.224
2026-03-27,eth,0.8953284250726146,-0.17691937076468872,241785389347.15878,270052175912.48602
2026-03-28,btc,1.224282130242581,0.4073197761084943,1327569960241.5442,1084366035775.1832
2026-03-28,eth,0.899260130219441,-0.17001791388076673,242459105939.66235,269620655683.3522
2026-03-29,btc,1.2173465160210977,0.39463454978115664,1319910065564.9558,1084251729638.2361
2026-03-29,eth,0.8960628218400801,-0.17504366961412385,241063871511.02005,269025637081.9976
2026-03-30,btc,1.2307677885365405,0.4186901477185097,1333633950994.4387,1083578854935.9198
2026-03-30,eth,0.9164370842463907,-0.1403874913417359,245921077359.63254,268344746832.08572
2026-03-31,btc,1.259461592624952,0.4707609003321468,1364949957429.4087,1083756714315.2014
2026-03-31,eth,0.950377946326074,-0.08352344277454679,255488962451.45886,268828799572.96567
2026-04-01,btc,1.2578004357870882,0.4676375425321181,1363022478623.5505,1083655594196.561
2026-04-01,eth,0.9667986883353052,-0.055971869563482386,260290718143.73273,269229490362.58795
2026-04-02,btc,1.2361570581529684,0.42809902499521374,1338870647177.839,1083091050888.2605
2026-04-02,eth,0.9329832677307938,-0.1124675483439614,250027376338.6165,267986988605.63086
2026-04-03,btc,1.236095290145614,0.42785607669017717,1338566550263.67,1082899159097.9889
2026-04-03,eth,0.9315234115829558,-0.11484194037074233,249449914199.2593,267787058379.31033
2026-04-04,btc,1.2435879583030516,0.4413705812040808,1346663972184.613,1082885985823.001
2026-04-04,eth,0.9361672610723467,-0.10718977187917282,250990077125.4083,268103882246.3285
2026-04-05,btc,1.2731860065048008,0.4951198510105959,1379250124896.7249,1083306066709.8402
2026-04-05,eth,0.9544203716949254,-0.07677932844858118,256667477110.72488,268924977633.19647
2026-04-06,btc,1.2700938124247623,0.48937213695015463,1375697653591.4316,1083146488970.8099
2026-04-06,eth,0.9487558340966251,-0.08647436434651237,255575336999.68448,269379462886.81863
2026-04-07,btc,1.3307033415283853,0.5993750710287774,1442053417557.3213,1083677610594.2925
2026-04-07,eth,1.0060050440364343,0.01022178039977733,273340527255.5344,271708903325.97067
2026-04-08,btc,1.3129220338742065,0.5669919675289593,1422632685924.1663,1083562198835.389
2026-04-08,eth,0.9796800145545865,-0.034584812911314336,266138899089.44318,271659006140.33017
2026-04-09,btc,1.3258289461254553,0.5903277669329889,1436746639526.9473,1083659127918.1473
2026-04-09,eth,0.9810694024428824,-0.03220131049771455,266342006197.16687,271481309613.7439
2026-04-10,btc,1.3468426562660187,0.6284547885482422,1459918626570.64,1083956332819.2415
2026-04-10,eth,1.0007752177127058,0.0013248493508172322,272949215916.46625,272737784754.80017
2026-04-11,btc,1.3497406830177825,0.6337466897629227,1463429926532.002,1084230433997.1663
2026-04-11,eth,1.0145110215027267,0.02492685317581091,278101355355.01556,274123542732.0275
2026-04-12,btc,1.3049673347970956,0.5524738296172517,1414754502718.0574,1084130203870.6066
2026-04-12,eth,0.9721309073414732,-0.047852012843204283,266346894261.56033,273982539028.56586
2026-04-13,btc,1.3770482398402828,0.6833248307020914,1493795013094.8875,1084780452766.2339
2026-04-13,eth,1.0443988854726662,0.0768948721775945,288613873013.2487,276344485835.62976
2026-04-14,btc,1.3687529040183417,0.6680886007049802,1484641267129.7375,1084667117615.7322
2026-04-14,eth,1.0193113149992377,0.03354957785588264,282542783147.4469,277189882021.13525
2026-04-15,btc,1.3796263886883917,0.6876540829518285,1496448887839.818,1084676909712.121
2026-04-15,eth,1.0322096140272872,0.056060951939464025,286631476177.51105,277687276191.1068
2026-04-16,btc,1.3856258612153995,0.6984734099652727,1503165549783.1582,1084827868660.4902
2026-04-16,eth,1.0266120292492047,0.04643302872407013,285768788180.1759,278361036144.4606
2026-04-17,btc,1.4223235153878984,0.7650802157207344,1543607893397.0964,1085272005065.6838
2026-04-17,eth,1.0520518624409718,0.09136988849416104,294609512884.3971,280033260148.2628
2026-04-18,btc,1.3980047368399022,0.7208493002553552,1517173171126.9146,1085241795787.0334
2026-04-18,eth,1.0241181542162494,0.04226678200110544,286303488293.2815,279560993147.6975
2026-04-19,btc,1.3634656752952108,0.658053979684135,1479439310993.9817,1085057979676.4307
2026-04-19,eth,0.9906526447570865,-0.016302293294505457,275597876123.1,278198294408.9127
2026-04-20,btc,1.3987305546501194,0.7217362988191399,1517683423347.0813,1085043447647.2253
2026-04-20,eth,1.009797886143221,0.01711983514710647,281431167963.98083,278700492272.6339
2026-04-21,btc,1.4040391749892125,0.731254997945677,1523586908754.2576,1085145582754.8142
2026-04-21,eth,1.0151595263369155,0.02646351286838249,282646344916.1023,278425545525.8334
2026-04-22,btc,1.4451816880881303,0.8053344926781988,1567866712950.4104,1084892457379.9323
2026-04-22,eth,1.037557350133551,0.06575396998281326,289712267660.82196,279225305110.6342
2026-04-23,btc,1.443518010298725,0.8022095544348838,1566213501915.128,1084997548171.2292
2026-04-23,eth,1.01964325262023,0.03424433677484964,283483931321.5112,278022661938.8967
2026-04-24,btc,1.4313054086958685,0.7786753486668517,1550445734881.661,1083238926829.9817
2026-04-24,eth,1.016201339108562,0.028160859962734028,281679824825.7989,277188991969.7367
2026-04-25,btc,1.4345741475645932,0.7844470346052366,1554092175350.093,1083312548179.1232
2026-04-25,eth,1.0191227198061008,0.033198379398262,282131159747.7678,276837278047.77655
2026-04-26,btc,1.4512399107371687,0.8144784981598017,1572428798917.551,1083507135714.6066
2026-04-26,eth,1.0391210169279939,0.06803734947658902,288164416061.16895,277315549745.1914
2026-04-27,btc,1.4274966444382788,0.7714873258705758,1546785594139.1619,1083565134927.3912
2026-04-27,eth,1.0111543999979993,0.019340670467084587,279546955041.6473,276463174211.7726
2026-04-28,btc,1.4098968122284414,0.739500423706796,1527582774590.8953,1083471330200.7136
2026-04-28,eth,1.008070381754557,0.013973398462311413,278282023273.8684,276054160811.18823
2026-04-29,btc,1.4012950588480768,0.7235081270098677,1517591460634.2573,1082992087249.4769
2026-04-29,eth,0.9972396786103187,-0.004761134810825542,274226251706.45157,274985299510.53845
2026-04-30,btc,1.4109087161770764,0.7405467170759539,1527728226837.0828,1082797355577.0032
2026-04-30,eth,1.002840171350229,0.0048773453434610824,274537581579.79065,273760056111.58542
2026-05-01,btc,1.4441109410626063,0.800598512358679,1564469061455.333,1083344095644.1787
2026-05-01,eth,1.0202217305075385,0.03468486522847566,278947233484.5178,273418243449.63477
2026-05-02,btc,1.4546787719928143,0.8195516436623177,1576113892815.107,1083478994235.9127
2026-05-02,eth,1.0315140772729092,0.05407483342738225,282129094767.64294,273509689284.63748
2026-05-03,btc,1.4532128991393036,0.8168964612009717,1574882442469.4604,1083724513732.4464
2026-05-03,eth,1.034861869236256,0.05981359534144073,283002664864.66705,273469023526.3257
2026-05-04,btc,1.4734139625232838,0.8540045780476763,1598486719022.3071,1084886365733.1107
2026-05-04,eth,1.0444377090192178,0.07624358483347636,285608585649.4156,273456792284.54623
2026-05-05,btc,1.49326488273632,0.8899832882602311,1620764931897.133,1085383410964.0192
2026-05-05,eth,1.0485837943183294,0.08350178338279536,287225880584.8118,273917909223.0141
2026-05-06,btc,1.5007289347155646,0.903482760448589,1629368819802.4692,1085718268043.713
2026-05-06,eth,1.0423808830758785,0.07290487454720193,285763886645.114,274145364026.51224
2026-05-07,btc,1.4754077327071486,0.8575640172876366,1601856781311.401,1085704477346.2299
2026-05-07,eth,1.01644984635852,0.028301347830948547,278676323054.6147,274166329064.81894
2026-05-08,btc,1.4788069377076725,0.8635614290530845,1605712436185.0662,1085816136806.9536
2026-05-08,eth,1.0227640656365231,0.039199346378052176,280639506745.43896,274393201887.45715
2026-05-09,btc,1.4875564619691928,0.8792375895535893,1615447075021.543,1085973619369.7491
2026-05-09,eth,1.030443223313954,0.052487815631677884,283082526994.2164,274719189363.78622
2026-05-10,btc,1.5165762999799848,0.9315511240981545,1647391609832.0415,1086256992050.9658
2026-05-10,eth,1.0498593249592794,0.08613502635968637,288978545272.23395,275254539729.3513
2026-05-11,btc,1.5062797314103844,0.9129390601967213,1636578096185.1265,1086503430974.7626
2026-05-11,eth,1.034982425289077,0.06038557932633811,284639378594.4196,275018562286.13556
2026-05-12,btc,1.4843434176790684,0.8731824603911643,1612795007979.533,1086537649421.6632
2026-05-12,eth,1.010082349199823,0.017364942451043804,277153765980.8799,274387297432.17303
2026-05-13,btc,1.4616979219598496,0.8321157458901753,1588121422920.642,1086490853589.833
2026-05-13,eth,1.002596548027245,0.004465665889213704,274688789594.3381,273977394132.0947
2026-05-14,btc,1.496291810555883,0.8943263274864618,1625892297141.893,1086614446240.8457
2026-05-14,eth,1.0164783021005015,0.028347003493356112,278542884515.4142,274027378587.24506
2026-05-15,btc,1.4576482075977497,0.8243416179226961,1583618048523.585,1086419919613.8262
2026-05-15,eth,0.9910426909461063,-0.015351581610072891,270543845637.17764,272989093314.33636
2026-05-16,btc,1.4411207320741926,0.7943799211606848,1565649830508.3457,1086411287869.6288
2026-05-16,eth,0.9757449150605687,-0.0414173648161072,265371189320.6463,271967791196.91705
2026-05-17,btc,1.4288785719516937,0.7721488180403682,1552327640770.8088,1086395773050.5378
2026-05-17,eth,0.9628095906394389,-0.06326237961096608,260830795609.97208,270905896810.5462
2026-05-18,btc,1.419569255459985,0.7550735118435364,1541909617519.7688,1086181326898.4482
2026-05-18,eth,0.9611684080404308,-0.0657739202691615,259261080933.13736,269735333334.2514
2026-05-19,btc,1.4170368263075273,0.7500654741295685,1538569462749.442,1085765333818.8823
2026-05-19,eth,0.9564991428206275,-0.07341795434490946,257053102312.00754,268743682878.77573
2026-05-20,btc,1.4282474320399443,0.7700053915541613,1550639385411.9678,1085693802506.7638
2026-05-20,eth,0.9647842034108022,-0.05929786270595361,258660833050.85175,268102267985.32556
2026-05-21,btc,1.4318398636638516,0.776230131470673,1554420448473.3013,1085610540619.9442
2026-05-21,eth,0.9695618696342965,-0.05117285325858701,259514529898.49936,267661650098.08417
2026-05-22,btc,1.3951977957217803,0.70984336007535,1513834758642.7258,1085032361206.9434
2026-05-22,eth,0.9444054000338056,-0.09302419020016131,251564026772.9534,266372922861.25058
2026-05-23,btc,1.4145646606056597,0.7445216518073355,1534955087416.1213,1085107758000.2001
2026-05-23,eth,0.9665855244651308,-0.05593967951105959,257582954544.10623,266487494406.29395
2026-05-24,btc,1.4206921481906594,0.7553694435981023,1541620103361.441,1085119042380.0054
2026-05-24,eth,0.9596394024624108,-0.06744900451511997,255259143251.18362,265994854521.59952
2026-05-25,btc,1.425980680386381,0.7647867626941935,1547541506434.7505,1085247176010.4292
2026-05-25,eth,0.9643857042254508,-0.05957476651068655,256748793277.59906,266230401542.30368
2026-05-26,btc,1.4000760710265765,0.7179074906179115,1518954809639.3533,1084908771082.4252
2026-05-26,eth,0.949728758090172,-0.08387794354633134,252179603759.83347,265528027462.2265
2026-05-27,btc,1.3720698989749527,0.6672651477739322,1487988234709.0083,1084484278695.0256
2026-05-27,eth,0.9293457912395747,-0.11749044153718087,245914553947.55853,264610391810.7319
2026-05-28,btc,1.359302863594602,0.6435928361900063,1472633515879.4004,1083374099562.4048
2026-05-28,eth,0.9262217243902198,-0.12224301605848965,244181347108.82343,263631634498.29553
2026-05-29,btc,1.3570300412340588,0.6389442396427016,1469106547762.8948,1082589554485.4082
2026-05-29,eth,0.9302376849677291,-0.11527054761616151,244541781045.67795,262880965797.6406
2026-05-30,btc,1.3648020345772152,0.6526477115886457,1477325745328.8936,1082446910175.171
2026-05-30,eth,0.935206229980192,-0.10704043300363265,245778461911.01828,262806698706.68414
2026-05-31,btc,1.3623994613070085,0.648227706307619,1474715633377.0674,1082439970992.2882
2026-05-31,eth,0.9297039761237981,-0.11595538993802335,243941782012.6291,262386510413.44598
2026-06-01,btc,1.321374781897173,0.574327701533413,1429245075904.372,1081634896840.0347
2026-06-01,eth,0.9305676663802956,-0.1143263494433082,243709961022.0587,261893863097.60477
2026-06-02,btc,1.23601499491039,0.4206009977940296,1333327920776.2527,1078731185516.8212
2026-06-02,eth,0.8697869273318383,-0.21247639988318695,225716602438.75232,259507926994.44385
2026-06-03,btc,1.1956320534404266,0.34788125414414217,1287100145066.659,1076501873099.6992
2026-06-03,eth,0.8598492110338765,-0.2266018760930223,221073818981.19736,257107660441.27643
2026-06-04,btc,1.1858932878748485,0.3301770491631231,1275239171292.6853,1075340576029.355
2026-06-04,eth,0.8412799820805724,-0.25507003803944434,214964348196.19513,255520579087.792
2026-06-05,btc,1.1367970410942185,0.24257636950968178,1220526626157.7393,1073653943524.4547
2026-06-05,eth,0.7633893361746386,-0.37426839815843777,191972956982.41754,251474507024.6834
2026-06-06,btc,1.134645827440571,0.23866877173650658,1217824608739.7024,1073308145403.1857
2026-06-06,eth,0.7628846655701821,-0.37247180253559414,190495435811.56485,249704109164.63766
2026-06-07,btc,1.178976675309288,0.31728844410613316,1265674508663.9404,1073536512782.9254
2026-06-07,eth,0.8211274816084435,-0.28070154154413335,204810731854.47998,249426229716.84247
2026-06-08,btc,1.1785132598364798,0.316326811056471,1264724877148.7278,1073152861533.5308
2026-06-08,eth,0.83072239904996,-0.2645515038843796,206327406218.48206,248371064093.66653
2026-06-09,btc,1.1517566167396358,0.26874083395902776,1235306676734.6086,1072541419585.2283
2026-06-09,eth,0.8088420963032222,-0.29640691179110407,199295807005.6031,246396432525.5522
2026-06-10,btc,1.148835844703938,0.26334441514852974,1231214887773.5676,1071706539667.4312
2026-06-10,eth,0.8047905354188167,-0.301020936696132,197180885967.1745,245008952378.59705
2026-06-11,btc,1.1875449707608752,0.3316571061945485,1272129969943.5066,1071226775629.7572
2026-06-11,eth,0.8336256254363693,-0.25581574247780514,203632389763.3301,244273188767.12408
2026-06-12,btc,1.1877855212466688,0.33199532577420676,1272165511207.933,1071039752928.3749
2026-06-12,eth,0.8295356507026942,-0.26194960441732623,202489668048.28137,244100018940.4201
2026-06-13,btc,1.2054819110681059,0.3632663863423905,1291188228621.9172,1071097141124.1436
2026-06-13,eth,0.8360076636305066,-0.25265238236342435,204570392372.5221,244699183120.0926
2026-06-14,btc,1.2276315476665298,0.40244031579933265,1315104075452.94,1071253079112.1139
2026-06-14,eth,0.8545917888329219,-0.22471888004115623,209745224597.98117,245433231794.11884
2026-06-15,btc,1.2393546167038156,0.42300575540769836,1327306208535.0322,1070965638604.0118
2026-06-15,eth,0.884404215138657,-0.17945473319291677,218021026789.61136,246517399010.16867
2026-06-16,btc,1.2287326760856152,0.4040975234179105,1315625407056.0322,1070717359977.1367
2026-06-16,eth,0.8866287937108008,-0.17576340854294284,218249960624.88104,246157086452.65298
2026-06-17,btc,1.2059072762898517,0.3636430656197783,1290849616606.0122,1070438533696.8011
2026-06-17,eth,0.8643322105740472,-0.21038819191640112,212795625239.10583,246196569601.14606
2026-06-18,btc,1.1772253837760067,0.31280357656326613,1259503045001.7498,1069891171528.9672
2026-06-18,eth,0.8443333517576803,-0.24156327432010916,207987106596.04306,246332927821.7762
2026-06-19,btc,1.186374409712872,0.3288465737886073,1268995061221.5757,1069641296063.2721
2026-06-19,eth,0.8428331522692235,-0.2441862711024744,207844616345.61578,246602326671.6787
2026-06-20,btc,1.2034610271445665,0.35897839304250134,1287332434098.3306,1069691834685.1368
2026-06-20,eth,0.8576524257021418,-0.22154694686336746,211843164824.57523,247003516198.469
2026-06-21,btc,1.186796520860484,0.3297325183525934,1270218075752.5823,1070291371288.8319
2026-06-21,eth,0.8425215735446204,-0.2448882815816079,207905114469.65158,246765330405.67987
2026-06-22,btc,1.1974216055983207,0.3484148748768132,1281437624126.9666,1070164107726.0045
2026-06-22,eth,0.8511782928294476,-0.23152754398351366,210108853493.87732,246844703705.31088
2026-06-23,btc,1.1731976651833003,0.3054668688906757,1254805220864.4067,1069559937002.0533
2026-06-23,eth,0.8282846895503143,-0.26472131256349923,202579622019.9688,244577286741.77438
2026-06-24,btc,1.1423253250449799,0.2508503150743337,1221052395679.1658,1068918257267.1108
2026-06-24,eth,0.811287739211697,-0.2889278115055749,197037231578.85718,242869726800.39777
2026-06-25,btc,1.12407957629493,0.21842247213608404,1200139316488.8782,1067664017564.1729
2026-06-25,eth,0.7917697071178056,-0.3170333382169377,191201454248.0792,241486195454.5967
