date,total_usd,total_chg_30d_pct,sivi,usdt_usd,usdc_usd,usde_usd,usds_usd,dai_usd,others_usd
2025-08-08,267619840150.0,5.469777651226439,5.494409321822546,,,,,,
2025-08-09,268214485385.0,5.510417292410143,5.53904713184181,,,,,,
2025-08-10,268937137462.0,5.318511040394975,5.364007576288956,,,,,,
2025-08-11,268316344514.0,4.684453734963486,4.7366233521656,,,,,,
2025-08-12,269050046931.0,4.85945577561325,4.912851454872669,,,,,,
2025-08-13,269916103592.0,5.132580133894516,5.185794854007402,,,,,,
2025-08-14,271559868004.0,5.921075743906135,5.966499834389715,,,,,,
2025-08-15,273207826642.0,6.991385895310994,7.00762513951374,,,,,,
2025-08-16,274727941421.0,6.463461719715159,6.53779413363873,,,,,,
2025-08-17,274685300022.0,6.117447078812278,6.198514447520951,,,,,,
2025-08-18,275503550108.0,6.243783800154575,6.328918037676044,,,,,,
2025-08-19,275525087430.0,6.107152478363596,6.1902595844726145,,,,,,
2025-08-20,275483238732.0,5.937337565648185,6.018774105277057,,,,,,
2025-08-21,275885123200.0,5.907373159343548,5.990819776168035,,,,,,
2025-08-22,274766842070.0,5.2810488859868485,5.358848431464297,,,,,,
2025-08-23,274670593540.0,4.838845853166891,4.922937382020521,,,,,,
2025-08-24,276010436080.0,4.892312507147017,4.992520200800582,,,,,,
2025-08-25,276081252682.0,4.998992440660043,5.090883589630669,,,,,,
2025-08-26,277936584490.0,5.459995381549308,5.565525021325451,,,,,,
2025-08-27,278214605075.0,5.423698186341259,5.528224426391472,,,,,,
2025-08-28,278755409692.0,5.644501822582872,5.744300540268651,,,,,,
2025-08-29,281126969967.0,6.521343397004086,6.6280291922390795,,,,,,
2025-08-30,281300169945.0,6.328461549474418,6.437934073757308,,,,,,
2025-08-31,281662424982.0,6.250490320303421,6.361878472319617,,,,,,
2025-09-01,282404371290.0,6.424136827670552,6.535272838712798,,,,,,
2025-09-02,282402323614.0,6.420754072440242,6.522344076804543,,,,,,
2025-09-03,281554437284.0,5.879583136930132,5.976605383395555,,,,,,
2025-09-04,283410271970.0,6.380070479327207,6.487593564237658,,,,,,
2025-09-05,286035823015.0,7.304280750665128,7.419823547180073,,,,,,
2025-09-06,284482437157.0,6.6719335451390345,6.770417384203902,,,,,,
2025-09-07,284542897470.0,6.323543617137909,6.429587164654345,,,,,,
2025-09-08,284309600540.0,6.000837401416548,6.105986576942128,,,,,,
2025-09-09,284470258148.0,5.77574403914178,5.883980857454911,,,,,,
2025-09-10,284971387102.0,6.207241164591442,6.299573475663537,,,,,,
2025-09-11,285084724014.0,5.9597377015556585,6.055869615821894,,,,,,
2025-09-12,285878810507.0,5.91395129915217,6.019701194820767,,,,,,
2025-09-13,287259893129.0,5.781423168451659,5.911466953686925,,,,,,
2025-09-14,287971736677.0,5.403911819241549,5.550217474386388,,,,,,
2025-09-15,288000383920.0,4.831122175032418,4.981637070240062,,,,,,
2025-09-16,288305619800.0,4.958517902817925,5.104109447051817,,,,,,
2025-09-17,289103098543.0,4.936251612608567,5.088103413099134,,,,,,
2025-09-18,289298179453.0,4.998852246621352,5.144667101363939,,,,,,
2025-09-19,290415323496.0,5.420324239227662,5.568238424462848,,,,,,
2025-09-20,291204137091.0,5.552678489261867,5.702779545015902,,,,,,
2025-09-21,291413558874.0,6.058488236276726,6.186477895156109,,,,,,
2025-09-22,291409284716.0,6.094096554082832,6.209933749144407,,,,,,
2025-09-23,292284020132.0,5.896003166808953,6.027212867001626,,,,,,
2025-09-24,293110655644.0,6.168257640302385,6.29627836407608,,,,,,
2025-09-25,293909164554.0,5.746843328779081,5.895230348869001,,,,,,
2025-09-26,294064775768.0,5.697102310185036,5.83989498063094,,,,,,
2025-09-27,294802355221.0,5.756640040360275,5.902050177596969,,,,,,
2025-09-28,294999808376.0,4.934723413633512,5.093461393011682,,,,,,
2025-09-29,295239000684.0,4.95514479842843,5.108732218622112,,,,,,
2025-09-30,296051526810.0,5.108633794131238,5.264428502283796,,,,,,
2025-10-01,297474600277.0,5.3364007498044135,5.503658040584048,,,,,,
2025-10-02,298375317178.0,5.656112655019296,5.822679781031284,,,,,,
2025-10-03,299559077393.0,6.39472788377296,6.551026656858001,,,,,,
2025-10-04,301086295007.0,6.236902746725804,6.4191358439054795,,,,,,
2025-10-05,301613369081.0,5.446012286783778,5.646132278135169,,,,,,
2025-10-06,301147574971.0,5.858055063273679,6.028839921173204,,,,,,
2025-10-07,301821009761.0,6.072234606671801,6.238534979399515,,,,,,
2025-10-08,302614528563.0,6.438378439642121,6.596472329928014,,,,,,
2025-10-09,302630848537.0,6.384003202033049,6.5320932607092885,,,,,,
2025-10-10,302852872878.0,6.274835504660567,6.419762093615676,,,,,,
2025-10-11,303181026137.0,6.347692667710712,6.4848302873106265,,,,,,
2025-10-12,302742651305.0,5.898947448428352,6.032127173006609,,,,,,
2025-10-13,302799233388.0,5.409505688293819,5.54812295009349,,,,,,
2025-10-14,303686185891.0,5.456941502431512,5.599906452610464,,,,,,
2025-10-15,304918955407.0,5.874496157511928,6.017832264806355,,,,,,
2025-10-16,305734378424.0,6.04523721601073,6.187837062495969,,,,,,
2025-10-17,305803381780.0,5.776583966468996,5.918347883233187,,,,,,
2025-10-18,306073880586.0,5.7987579336721735,5.934231110768374,,,,,,
2025-10-19,306099678921.0,5.400663861738695,5.538153622012857,,,,,,
2025-10-20,306375318223.0,5.209809614503888,5.347326462270554,,,,,,
2025-10-21,306334300116.0,5.120125947348716,5.24973114962772,,,,,,
2025-10-22,307367893746.0,5.476355719260232,5.604953393032785,,,,,,
2025-10-23,306771663388.0,4.956700420863636,5.079673765459189,,,,,,
2025-10-24,306966910881.0,4.727312013463349,4.849976569993821,,,,,,
2025-10-25,307591238218.0,4.655204843565261,4.780820172116176,,,,,,
2025-10-26,307350558383.0,4.517978251663066,4.634529295740939,,,,,,
2025-10-27,307209247509.0,4.20854585055778,4.320683426935641,,,,,,
2025-10-28,306858277797.0,4.019822753879714,4.1228453149989175,,,,,,
2025-10-29,307040344040.0,3.9972169424293655,4.096261835140657,,,,,,
2025-10-30,306317157048.0,3.467514708879808,3.557557658064794,,,,,,
2025-10-31,305936039561.0,2.8444241209571994,2.927740065851104,,,,,,
2025-11-01,305964396563.0,2.543467555150558,2.621802693910483,,,,,,
2025-11-02,306116686148.0,2.189086978124481,2.2619698618322146,,,,,,
2025-11-03,305863505596.0,1.5866582664909854,1.645354717768795,,,,,,
2025-11-04,305813544622.0,1.3925694188549111,1.444444246503577,,,,,,
2025-11-05,304641129901.0,1.1600807113709695,1.1996969744229564,,,,,,
2025-11-06,304479245789.0,0.8807326004591101,0.911563995484658,,,,,,
2025-11-07,303828988078.0,0.40132227648388236,0.41589885972874874,,,,,,
2025-11-08,304175330888.0,0.5103519216452812,0.5282088944081237,,,,,,
2025-11-09,303638435833.0,0.2593876516787916,0.26830034015901105,,,,,,
2025-11-10,303579849048.0,0.13154613139272833,0.13603529918312096,,,,,,
2025-11-11,303791032165.0,0.3462944040031552,0.35713580915903265,,,,,,
2025-11-12,304155849035.0,0.4480247957766999,0.4615679500849296,,,,,,
2025-11-13,304195559172.0,0.16773014534906303,0.17310376920341725,,,,,,
2025-11-14,303652705002.0,-0.4152744139208509,-0.4298489681467445,,,,,,
2025-11-15,302970474279.0,-0.9040213793579175,-0.9372515740987553,,,,,,
2025-11-16,302850126150.0,-0.9657367465362502,-1.0004306479620106,,,,,,
2025-11-17,302507858977.0,-1.1650852409139258,-1.2067826695178925,,,,,,
2025-11-18,302135471451.0,-1.2950707704019206,-1.3401902558510055,,,,,,
2025-11-19,301995870151.0,-1.4294389304599109,-1.4791210170073943,,,,,,
2025-11-20,301775269883.0,-1.4882532681693257,-1.538214308779723,,,,,,
2025-11-21,301718482604.0,-1.8379965041724593,-1.904177407676798,,,,,,
2025-11-22,301437081161.0,-1.7389423025857849,-1.7963513295297058,,,,,,
2025-11-23,301617941012.0,-1.742523275114041,-1.799476851416848,,,,,,
2025-11-24,301376576419.0,-2.020428746606711,-2.088878888008993,,,,,,
2025-11-25,302689862302.0,-1.5164104810872503,-1.5651275998353884,,,,,,
2025-11-26,303253921090.0,-1.287502394889374,-1.327041445021527,,,,,,
2025-11-27,304078270709.0,-0.9059579907565977,-0.9319157238898211,,,,,,
2025-11-28,304503947715.0,-0.8260791698010762,-0.8495181619419553,,,,,,
2025-11-29,305061523517.0,-0.40991289652222834,-0.42018490262769814,,,,,,
2025-11-30,305225435426.0,-0.23227212329076188,-0.2375947886865292,,,,,,
2025-12-01,304917299321.0,-0.342228459834671,-0.34981069544988946,,,,,,
2025-12-02,305766657819.0,-0.11434474004163556,-0.11683127512202858,,,,,,
2025-12-03,306550227147.0,0.22451895647434858,0.22901506816802691,,,,,,
2025-12-04,306501594456.0,0.2249899803654747,0.22928416047941153,,,,,,
2025-12-05,307013395553.0,0.7787082633165526,0.7898694647352954,,,,,,
2025-12-06,307216461767.0,0.8989827766115966,0.910619462134495,,,,,,
2025-12-07,307170872366.0,1.099922791811445,1.1108423323340664,,,,,,
2025-12-08,307365432754.0,1.0487707391282903,1.0594939525811078,,,,,,
2025-12-09,307718314850.0,1.34366356018377,1.353869540993816,,,,,,
2025-12-10,307878596200.0,1.4160186077832562,1.4253010007729112,,,,,,
2025-12-11,307979598889.0,1.378765756892072,1.3876395497694236,,,,,,
2025-12-12,308951664862.0,1.5767626505345071,1.5875488253390628,,,,,,
2025-12-13,309028089667.0,1.5886262469293848,1.5984644400853663,,,,,,
2025-12-14,308909328506.0,1.7311301422344902,1.7374072976398234,,,,,,
2025-12-15,308609460040.0,1.861232773397965,1.8623961239767592,,,,,,
2025-12-16,308395860733.0,1.8311812028941432,1.8303020970504118,,,,,,
2025-12-17,308385407794.0,1.9429408666856738,1.938456526799183,,,,,,
2025-12-18,308316552736.0,2.045797951268506,2.037227238560875,,,,,,
2025-12-19,307768212358.0,1.9113977300794842,1.9013572616895156,,,,,,
2025-12-20,308259874261.0,2.1488190137363206,2.1346538338616483,,,,,,
2025-12-21,309331698393.0,2.5232845277802243,2.5045373277856977,,,,,,
2025-12-22,308100482946.0,2.2105448206091878,2.190808228904174,,,,,,
2025-12-23,308189565734.0,2.178791055979838,2.1594440232148573,,,,,,
2025-12-24,307797505219.0,2.130533459598753,2.1088557966045607,,,,,,
2025-12-25,307292227985.0,1.5204888753122903,1.5108472775560517,,,,,,
2025-12-26,307461816754.0,1.3875816177002298,1.3807145922901214,,,,,,
2025-12-27,307392668935.0,1.089981937305822,1.0870448429147255,,,,,,
2025-12-28,307271905089.0,0.909005415125411,0.907427158319017,,,,,,
2025-12-29,307116507825.0,0.673629464741555,0.6734197938201633,,,,,,
2025-12-30,306997859490.0,0.580693434518734,0.5806232714283915,,,,,,
2025-12-31,306661529478.0,0.5720338468444098,0.5712150289734629,,,,,,
2026-01-01,305918486001.0,0.04965491760382697,0.04971045526544461,,,,,,
2026-01-02,305947738296.0,-0.19653838022148604,-0.1972275423610135,,,,,,
2026-01-03,306728661822.0,0.07408358393796113,0.07431773658064589,,,,,,
2026-01-04,306625769142.0,-0.12625716552263067,-0.12684244382986923,,,,,,
2026-01-05,306966275955.0,-0.08143633012405001,-0.081852637830364,,,,,,
2026-01-06,307516239089.0,0.11243472414548764,0.11297259735852383,,,,,,
2026-01-07,307093052478.0,-0.08861773217614866,-0.08908361883341201,,,,,,
2026-01-08,306835741530.0,-0.2868120867067071,-0.2886091772241329,,,,,,
2026-01-09,306478333516.0,-0.4548100131944151,-0.4578432646762828,,,,,,
2026-01-10,306796599653.0,-0.38411610388075373,-0.3867477719631642,,,,,,
2026-01-11,306657570177.0,-0.7425416160242113,-0.7498835587914343,,,,,,
2026-01-12,306657725856.0,-0.7670383017784039,-0.7747304618323712,,,,,,
2026-01-13,306118860970.0,-0.9033289960830044,-0.9119975563682082,,,,,,
2026-01-14,307633929751.0,-0.31610511514247097,-0.31880674546035065,,,,,,
2026-01-15,308538235246.0,0.04616615562271234,0.046523873795988116,,,,,,
2026-01-16,309403751027.0,0.330217710456731,0.3327248944132177,,,,,,
2026-01-17,309974702522.0,0.5378075783754017,0.5416936971233869,,,,,,
2026-01-18,310256575678.0,0.8085186254081053,0.8127980135454732,,,,,,
2026-01-19,310072150521.0,0.5879053393973577,0.5918809089803063,,,,,,
2026-01-20,309868486136.0,0.17353143754379205,0.17529644718690152,,,,,,
2026-01-21,308173391931.0,0.023664028145252397,0.02380836036071689,,,,,,
2026-01-22,307646494550.0,-0.17621335839407604,-0.1773350108457344,,,,,,
2026-01-23,307354091568.0,-0.14406018355623387,-0.14479398558874243,,,,,,
2026-01-24,307765264261.0,0.15393694760906562,0.15446474641777969,,,,,,
2026-01-25,307740915590.0,0.09077512093910081,0.09113486960760789,,,,,,
2026-01-26,307686134442.0,0.0954692602191027,0.0958231779700245,,,,,,
2026-01-27,307124760223.0,-0.04788751056084354,-0.048046005963035335,,,,,,
2026-01-28,307059338862.0,-0.018614747675034064,-0.018666409870354297,,,,,,
2026-01-29,306746948022.0,-0.08173068972429531,-0.08192344715091583,,,,,,
2026-01-30,305422453438.0,-0.404053303363209,-0.4045704928214354,,,,,,
2026-01-31,304364181496.0,-0.5080779933628853,-0.5075279497492378,,,,,,
2026-02-01,303754017728.0,-0.7170246069534946,-0.7163716742265903,,,,,,
2026-02-02,304080869681.0,-0.8632359706040643,-0.8647056389082209,,,,,,
2026-02-03,304321740691.0,-0.7514138349973425,-0.7524493531423163,,,,,,
2026-02-04,304546421053.0,-0.78831294886437,-0.7902740161758018,,,,,,
2026-02-05,304611706598.0,-0.9445135319046949,-0.9485326426232441,,,,,,
2026-02-06,303897405142.0,-1.040612058857611,-1.0436124886398483,,,,,,
2026-02-07,304238765262.0,-0.8463734554033655,-0.8480841419238674,,,,,,
2026-02-08,304780699505.0,-0.5539164845763471,-0.5543653865331235,,,,,,
2026-02-09,305978440965.0,-0.2666778865624235,-0.2671499626366479,,,,,,
2026-02-10,305682381998.0,-0.3180055781558336,-0.3184065164662265,,,,,,
2026-02-11,305260272643.0,-0.4557045510916671,-0.45626170682359124,,,,,,
2026-02-12,305156538508.0,-0.31436235550814645,-0.3141764838838376,,,,,,
2026-02-13,304945677142.0,-0.8738478916080163,-0.8775906982934815,,,,,,
2026-02-14,305816781626.0,-0.8820474447292288,-0.8883337074202867,,,,,,
2026-02-15,305926111777.0,-1.1239809596544048,-1.1350262205037245,,,,,,
2026-02-16,306066391999.0,-1.260848221226251,-1.2754061958089162,,,,,,
2026-02-17,306299353617.0,-1.2754675875450279,-1.2911661143033915,,,,,,
2026-02-18,305913823144.0,-1.3410837993715183,-1.3565794080460483,,,,,,
2026-02-19,306171449060.0,-1.193098763317734,-1.2058971107784888,,,,,,
2026-02-20,306179846336.0,-0.6468908890895924,-0.6501416334747032,,,,,,
2026-02-21,305731837378.0,-0.6223562452094906,-0.62432121393019,,,,,,
2026-02-22,305662135976.0,-0.5504906680657174,-0.5516182200607562,,,,,,
2026-02-23,306823608138.0,-0.3059656928019757,-0.3069565809470275,,,,,,
2026-02-24,306631518800.0,-0.3604970069946883,-0.36159164993228854,,,,,,
2026-02-25,306874731158.0,-0.2637113581577244,-0.2644382464809032,,,,,,
2026-02-26,307504964907.0,0.12379486555363932,0.12389614050231237,,,,,,
2026-02-27,307009474343.0,-0.016239375485143714,-0.016248052706958276,,,,,,
2026-02-28,307296783408.0,0.17924722301085963,0.17914710886570903,,,,,,
2026-03-01,307588641248.0,0.7092431435921691,0.7057180524769063,,,,,,
2026-03-02,307206840099.0,0.9339662075306843,0.9260558595958491,,,,,,
2026-03-03,308313437137.0,1.5010235726602912,1.48523202765272,,,,,,
2026-03-04,308567715778.0,1.475543693921615,1.461481960086919,,,,,,
2026-03-05,309518477895.0,1.7076457279063164,1.6925584231505946,,,,,,
2026-03-06,310553489741.0,1.9724640556372173,1.9562442029244484,,,,,,
2026-03-07,310736906541.0,2.01082224035582,1.9944571252926975,,,,,,
2026-03-08,310757997266.0,2.257535605081688,2.233637708652294,,,,,,
2026-03-09,310917263123.0,2.1951501989724114,2.1741007663826384,,,,,,
2026-03-10,311953218868.0,2.353337785052998,2.3345791610218334,,,,,,
2026-03-11,312268271562.0,2.0556450242582534,2.0469558204756293,,,,,,
2026-03-12,312578422730.0,2.2559496844162643,2.243945927870545,,,,,,
2026-03-13,313202135485.0,2.6016693142667666,2.58386260191466,,,,,,
2026-03-14,313660157485.0,2.7866415770006743,2.7661533089272012,,,,,,
2026-03-15,313615607014.0,2.843106337251926,2.819742593896855,,,,,,
2026-03-16,313585089324.0,2.5401835885841892,2.526032110285384,,,,,,
2026-03-17,313651000678.0,2.5250832157246306,2.51143576335202,,,,,,
2026-03-18,313785438160.0,2.52201690965966,2.5090405609550044,,,,,,
2026-03-19,313319327617.0,2.2918670630881746,2.281352983493679,,,,,,
2026-03-20,313663254799.0,2.533207416178831,2.5179210505422733,,,,,,
2026-03-21,313828054627.0,2.500757529974503,2.48735652405924,,,,,,
2026-03-22,313827211325.0,2.4976709213603256,2.483841151754696,,,,,,
2026-03-23,313791840586.0,2.6362982923609595,2.6173356367346616,,,,,,
2026-03-24,313228382336.0,2.4753626535522497,2.456515952782931,,,,,,
2026-03-25,313349549474.0,2.1269358559478344,2.118299616847659,,,,,,
2026-03-26,313462091829.0,2.227616083216557,2.2167023752319492,,,,,,
2026-03-27,312968799176.0,1.9858487517052548,1.9772893692985756,,,,,,
2026-03-28,312827828356.0,1.7309845551956586,1.7267174567311767,,,,,,
2026-03-29,312754050318.0,1.8711396406555163,1.8631408696648908,,,,,,
2026-03-30,312879945956.0,1.8168633221868766,1.8104058277361088,,,,,,
2026-03-31,313155958237.0,1.8099878351851202,1.8048454070177848,,,,,,
2026-04-01,313922386711.0,2.1860016560294877,2.176457721607444,,,,,,
2026-04-02,314149127913.0,1.8927786054964881,1.8907447169378515,,,,,,
2026-04-03,314421929917.0,1.8972218542823296,1.8962210583138153,,,,,,
2026-04-04,314812134814.0,1.7102878493722118,1.7141476094051633,,,,,,
2026-04-05,314739027559.0,1.347767117829111,1.3549468514243408,,,,,,
2026-04-06,314754521146.0,1.2929312612790325,1.3002480418405287,,,,,,
2026-04-07,314273934691.0,1.1314069005247378,1.1375930797039902,,,,,,
2026-04-08,314976921789.0,1.305703847133758,1.3131315444072063,,,,,,
2026-04-09,315001513763.0,0.9771641100744201,0.9856952860887465,,,,,,
2026-04-10,315417570704.0,1.0085235769381442,1.0180406452057917,,,,,,
2026-04-11,316126956625.0,1.135245953321981,1.146707027329699,,,,,,
2026-04-12,316207721333.0,0.9596313394689304,0.9709207000121727,,,,,,
2026-04-13,316302587408.0,0.8424499764929076,0.8532953613369101,,,,,,
2026-04-14,316442189001.0,0.9012886871009004,0.9124734985252434,,,,,,
2026-04-15,317487841697.0,1.2445592937512497,1.2594771082092524,,,,,,
2026-04-16,317534359011.0,1.238114440765559,1.2528531005448797,,,,,,
2026-04-17,318036707598.0,1.3548332462235761,1.3711527045970227,,,,,,
2026-04-18,318879904165.0,1.7747314186749505,1.7928866305324247,,,,,,
2026-04-19,319045431670.0,1.7159092716961626,1.7348078552421289,,,,,,
2026-04-20,318121816801.0,1.3681893988424159,1.3835760918730926,,,,,,
2026-04-21,318179527695.0,1.38685117572317,1.4019417221947446,,,,,,
2026-04-22,318901979175.0,1.6285122581444176,1.6453839895851303,,,,,,
2026-04-23,318509010827.0,1.6858716479068847,1.6996007733554375,,,,,,
2026-04-24,318241306863.0,1.5611183731431824,1.5738507335728895,,,,,,
2026-04-25,318067176168.0,1.4691040668203565,1.4810711784598702,,,,,,
2026-04-26,318173752680.0,1.6630902242344487,1.673371868072648,,,,,,
2026-04-27,318155508668.0,1.7030710918521823,1.712153395692428,,,,,,
2026-04-28,317940466396.0,1.658305007633503,1.6661080444817764,,,,,,
2026-04-29,318070689342.0,1.6590208011382006,1.66682445854742,,,,,,
2026-04-30,317273793068.0,1.314946984940831,1.321738760244469,,,,,,
2026-05-01,317960715023.0,1.286409788836667,1.2955905857367211,,,,,,
2026-05-02,318190030622.0,1.2863007883692366,1.295749718229078,,,,,,
2026-05-03,318259155351.0,1.2204064248994773,1.2298176254302837,,,,,,
2026-05-04,318602117958.0,1.2038872473067883,1.2140592418684886,,,,,,
2026-05-05,319135274576.0,1.396791192721053,1.407535107833354,,,,,,
2026-05-06,320025422368.0,1.674606993033493,1.686646057951191,,,,,,
2026-05-07,320295004144.0,1.9158666336487713,1.9255712374937821,,,,,,
2026-05-08,320556974730.0,1.7715751710653975,1.7834975615263589,,,,,,
2026-05-09,319201423114.0,1.3332981485796658,1.3416886932321022,,,,,,
2026-05-10,319938700071.0,1.4333790463571865,1.4435892121659086,,,,,,
2026-05-11,320221021591.0,1.295069869937258,1.3065543319537947,,,,,,
2026-05-12,320428827413.0,1.3349155618988604,1.3463732709106957,,,,,,
2026-05-13,320183714054.0,1.2270296862901469,1.237273752670575,,,,,,
2026-05-14,319753547351.0,1.046433903283843,1.0550825323879567,,,,,,
2026-05-15,319869527924.0,0.7501661210929153,0.758488124651977,,,,,,
2026-05-16,320549709982.0,0.9496140765338539,0.9597926900190503,,,,,,
2026-05-17,320845996397.0,0.8833221863656553,0.8937354946502533,,,,,,
2026-05-18,320747633253.0,0.5857155197317073,0.5938882777602492,,,,,,
2026-05-19,320503391689.0,0.4569756762754778,0.46335375164298154,,,,,,
2026-05-20,319993056422.0,0.5882148039442852,0.5944078806670174,,,,,,
2026-05-21,319492079604.0,0.41251928384851455,0.41674234844522273,,,,,,
2026-05-22,320255144698.0,0.4243202022454177,0.4294173753649735,,,,,,
2026-05-23,320318607057.0,0.5681460079579641,0.5739657664425112,,,,,,
2026-05-24,320255365095.0,0.6328714056176981,0.6385145527442482,,,,,,
2026-05-25,319991995143.0,0.6051611480913482,0.6099360809772436,,,,,,
2026-05-26,320145604807.0,0.6197406638325601,0.6245481110663733,,,,,,
2026-05-27,319804661552.0,0.5183480527822373,0.5221130257996301,,,,,,
2026-05-28,319188684382.0,0.39259487794967385,0.39500993674356205,,,,,,
2026-05-29,318239199778.0,0.05297892627220739,0.05330615041769642,,,,,,
2026-05-30,317806286725.0,0.16783411319631836,0.16838717630627337,,,,,,
2026-05-31,317571719396.0,-0.12234078256235573,-0.12296490026546876,,,,,,
2026-06-01,317361654297.0,-0.260340125484348,-0.2617737673165108,,,,,,
2026-06-02,317361970049.0,-0.281904003990244,-0.2834304541053887,,,,,,
2026-06-03,316676833549.0,-0.6042911520298814,-0.6080651959137597,,,,,,
2026-06-04,315942616026.0,-1.0004091695102444,-1.0081510374935323,,,,,,
2026-06-05,314629907680.0,-1.6859643987269395,-1.703517859109668,,,,,,
2026-06-06,314061959727.0,-1.9460323565327022,-1.9677218086451231,,,,,,
2026-06-07,313590644967.0,-2.1731955041276603,-2.1990078636837436,,,,,,
2026-06-08,313717600329.0,-1.717981934886769,-1.7309291457783977,,,,,,
2026-06-09,314174014503.0,-1.8018093987131647,-1.8194598518956286,,,,,,
2026-06-10,313196962449.0,-2.1935034455581213,-2.216897390628085,,,,,,
2026-06-11,313103855550.0,-2.28599028437565,-2.3118778826211432,,,,,,
2026-06-12,312959973735.0,-2.256123594650318,-2.279983577183332,,,,,,
2026-06-13,312565564373.0,-2.2479759919941102,-2.268781259451231,,,,,,
2026-06-14,312624111354.0,-2.265116223175059,-2.28698640542155,,,,,,
2026-06-15,312526303373.0,-2.5030147771621887,-2.5326557122711164,,,,,,
2026-06-16,312977581893.0,-2.452396038086755,-2.483801528220246,,,,,,
2026-06-17,312855845857.0,-2.460435114037178,-2.4912200848628236,,,,,,
2026-06-18,312510031424.0,-2.4940017710503186,-2.5233859125430738,,,,,,
2026-06-19,312685374137.0,-2.283700267346672,-2.3070199570631478,,,,,,
2026-06-20,312713896126.0,-2.1215497693718532,-2.1399418650064543,,,,,,
2026-06-21,312772816246.0,-2.336364794094353,-2.3623320812753827,,,,,,
2026-06-22,312841389068.0,-2.3343064761983823,-2.3607506472028312,,,,,,
2026-06-23,312875699659.0,-2.3043065754139382,-2.3299895204736463,,,,,,
2026-06-24,312242774252.0,-2.421692107496933,-2.4467743136573175,,,,,,
2026-06-25,311877579672.0,-2.582582740745226,-2.6106838743033967,186026677221.6153,73735931918.63953,4469207512.3002405,8198099973.983551,4854928944.187862,35427090415.55729
2026-06-26,311985469956.0,-2.444989875398863,-2.469034670310046,186050669714.94174,73746547303.37405,4470241566.452535,8200472861.802067,4850924249.795693,35549814973.725716
2026-06-27,310575462574.0,-2.6984734200952536,-2.7199702992449444,184900186052.8493,73909539022.13194,4461490193.696157,8234915256.77331,4844354001.005716,36183165658.60629
2026-06-28,310569539297.0,-2.4100300925688183,-2.4221993205311687,184900657694.6469,73858293568.05038,4453456956.302204,8236445410.25611,4843128037.95942,36185325720.98894
2026-06-29,310228597012.0,-2.3843737614784906,-2.3933993636117443,184833900111.13034,73754793895.73479,4454287424.3727455,8235089317.88498,4839281294.355071,36073194059.7832
2026-06-30,309559162984.0,-2.5230698839428594,-2.53113878910072,184677512765.15018,73769751053.10333,4453464113.469018,7925206016.581645,4846107332.696272,35881472302.02588
2026-07-01,308813355300.0,-2.693551310077352,-2.7008838453046136,184348556235.0044,73505694624.75583,4445757650.675846,7923801101.244326,4843953123.178698,35708894522.372665
2026-07-02,308957581274.0,-2.648202862397905,-2.6559240819501047,184406919717.55103,73288055065.12894,4441510686.989607,7903301241.464051,4841302784.138258,35309440295.03252
2026-07-03,308745815968.0,-2.504451459905361,-2.50686503311467,184028500516.98004,73354194245.1647,4444840973.559703,7978572707.916291,4825411523.227188,35335957748.67403
2026-07-04,308588685142.0,-2.327616000810356,-2.324959557208078,184089573181.70792,73098369655.54892,4440163031.501947,8051506535.4801235,4838166995.684018,36102527221.741135
2026-07-05,308493932191.0,-1.9502200328777086,-1.9403273098834435,184095543922.5804,73043756234.48495,4438309439.770267,8020069014.116561,4844891931.647537,35425681493.786514
2026-07-06,309485410642.0,-1.4572121657071073,-1.4474466997032758,184114829406.81097,73040057941.33542,4430956460.00461,8019425975.197543,4852962401.36189,35632289086.44475
2026-07-07,309021459466.0,-1.4570541482450243,-1.4454202886804939,184224851497.75046,73251430100.76541,4412561591.934463,7672393878.090466,4849368118.328528,36424549446.49024
2026-07-08,306843581752.0,-2.1911485265063613,-2.17515698714996,182990983275.91034,73416746540.47444,4406754917.205812,7658985208.215785,4850472369.328423,36487190071.49655
2026-07-09,306849662112.0,-2.3313043259120527,-2.3183552361309836,184108632214.72836,73338596073.25711,4383401662.801954,7568281256.960562,4867770670.343389,36459483219.44997
2026-07-10,307733326373.0,-1.7444728816262645,-1.7298989647923595,184130720178.23123,73400102090.31812,4222349410.260586,7546477255.921715,4876462710.567169,36535096272.990364
2026-07-11,308107669491.0,-1.595696115023455,-1.5823456312144033,184153397703.0777,73410212739.13618,4009780473.3610406,7614811821.710881,4872548360.678302,36868712296.72474
2026-07-12,308035296117.0,-1.5735806592858386,-1.5601520319110904,184157088435.71613,73465102719.0396,3941379186.234295,7633658938.917877,4864635256.176963,36999604936.802185
2026-07-13,307778629629.0,-1.531497800662236,-1.5169773107920097,184153150104.16205,73477276875.0973,3949667863.3657393,7601659632.520881,4864996968.74223,37640484947.33823
2026-07-14,306515428942.0,-1.9540023274413505,-1.936586709841557,184152998913.84695,73182812120.11821,3848736584.0173254,6718354943.742904,4859091726.324703,35961312941.64951
2026-07-15,306792237399.0,-1.8347466795959235,-1.818513160713022,184180548139.50482,73147022375.66304,4008015963.8254266,6656945406.014567,4879999789.519419,35886250503.16043
2026-07-16,306082843673.0,-2.202949546193745,-2.187532534991212,184072961144.49722,73207935805.5066,4025629411.340158,6658915289.979366,4855567035.570997,36219634378.694016
2026-07-17,306310090868.0,-2.092259126905345,-2.077729341353107,184020935308.2047,73286326962.22595,4017350838.614219,6662752088.48699,4851943288.630654,36366548441.02971
2026-07-18,306564294849.0,-1.902574630295014,-1.8881048415361645,184060690203.43298,73380195849.39804,4018983949.7250447,6676422525.334109,4855863357.620757,35761075251.57306
2026-07-19,306610466369.0,-1.9428180114808755,-1.9299078042392546,184058603205.01062,73386029587.72105,4015443841.5420556,6718913329.260722,4847575853.5301695,35874830608.00478
2026-07-20,306439636354.0,-2.006389818210045,-1.9940653077642867,184046862328.20517,73373440481.88435,4010248773.3675165,6685391877.186251,4846739611.021963,36522794679.15026
2026-07-21,306192338685.0,-2.103916075565968,-2.092325540310615,184040546858.10373,73371646060.04388,4024769310.842132,6637775100.887688,4842593109.526353,35461180190.22949
2026-07-22,306378470267.0,-2.065877159110556,-2.055827653599215,184061016164.68027,73295402044.3905,4045832517.967975,6700917873.285376,4848475679.235429,36022650012.794235
2026-07-23,306012671429.0,-2.193531884221096,-2.1840447658871187,184159541587.10825,74322775384.69177,4031722557.1828165,6699921411.83617,4848473871.564919,36212099596.7012
2026-07-24,306853035566.0,-1.7261372017051495,-1.7158752194693083,183974880989.69263,74058415150.77748,3982961110.550797,6677678636.19363,4855996615.116313,36318860826.13266
2026-07-25,306889225428.0,-1.599459072770228,-1.588724789283967,184284284352.60052,73622658913.86026,3982540841.0758677,6673913641.401059,4854074333.000039,36336096934.1974
2026-07-26,306723925119.0,-1.6864711160241044,-1.6764105420094277,184278978738.9964,73562791537.4083,3978886168.925152,6663930601.422923,4854253154.935094,36320002207.286545
2026-07-27,306324533673.0,-1.3687265780010365,-1.3549696823681459,183898657151.69064,73481164767.69241,3972395096.462988,6666631161.095145,4859768039.532365,36476907627.580826
2026-07-28,305225571980.0,-1.7206991159199048,-1.7041473640474252,183874995196.97534,72517624161.80551,3931310209.493117,6561956513.033083,4801845963.900251,36381181016.252846
2026-07-29,304892868634.0,-1.7199344062383806,-1.7022667948046404,183787168744.43848,72384840121.39015,3862332590.3018155,6576325205.437081,4811499424.807824,36750769642.67167
2026-07-30,304626434040.0,-1.5934688853823251,-1.5744413739370078,183663838364.50864,72242940486.75018,3848352247.980366,6553027114.799147,4790324564.680184,36329767631.24753
2026-07-31,303874123249.0,-1.5994230710008415,-1.5773178725654207,183601060651.9037,72026089057.57256,3868885811.687785,6560492803.379115,4801422124.835644,36295134307.163284
2026-08-01,303900653644.0,-1.6367708502725646,-1.6157265179221738,183231759493.44644,72035477723.3128,3880682147.281542,6575913542.4018135,4798622898.750365,36270640617.04305
2026-08-02,303813345668.0,-1.5975828804466217,-1.5767892984670069,183207921121.36475,72066362774.14807,3878589753.260659,6587180302.242993,4800535444.085368,36267245654.40604
2026-08-03,303701375761.0,-1.5837616919593338,-1.5632094226017592,183148876534.18317,72051876031.05516,3865698283.4914203,6574868797.307183,4801528283.272087,36260804367.46879
2026-08-04,303961142554.0,-1.4693286201148301,-1.4506442116561982,183053491369.62802,72233574193.84769,3855597583.8709407,6582396799.4951515,4800108930.195046,36364247608.84542
2026-08-05,304160463101.0,-1.720581118817158,-1.7051395161483538,183059207862.24274,72242108749.81433,3883350625.41833,6701301002.405553,4799797971.246556,36449363702.79825
2026-08-06,304326136114.0,-1.5194165997771432,-1.504391822246527,183371369660.55826,71817883724.5315,3904402341.163474,6689258715.939014,4812568063.433289,37083457984.967155
2026-08-07,304470553598.0,-0.7733673751461912,-0.7607223258066507,183330436523.76953,71979522002.2844,3885033003.2869883,6702887494.915009,4794475947.660936,37067122126.90367
2026-08-08,304507647075.0,-0.7632451086568789,-0.7511933258584248,183181902320.54022,72222196917.56659,3902574838.7816067,6720013936.062557,4803533938.51385,36432047099.857086
2026-08-09,304504368623.0,-1.0492713896337043,-1.0362575990399903,183094244464.86478,72272643181.70882,3917628883.123257,6715010332.814113,4806871902.277703,36442221098.82649
2026-08-10,304577458270.0,-1.145771939670304,-1.1335785126111806,183100369951.64767,72327257963.71768,3921291624.843921,6706501366.24457,4792956001.366159,36450935940.44823
2026-08-11,303661121901.0,-1.4200237021989104,-1.4054101445895493,181976504154.01352,72315126957.34755,3925025335.634825,6659425151.477,4791486567.767373,36375656392.053535
2026-08-12,304601588083.0,-1.0322489088438802,-1.0213271670027766,183004474879.70084,72225600785.31758,3930125414.8058615,6654419433.215493,4782355797.974888,36804256345.641594
2026-08-13,304702069466.0,-0.5916046321906786,-0.5832587277742592,182986804895.64017,72147098968.11678,3956580198.906163,6653175871.647311,4789321917.685341,37300342415.456436
2026-08-14,304603832730.0,-0.7133181359324489,-0.7042916491763046,182975595564.7925,72098296622.3084,3956093072.7707815,6668346144.361562,4790435694.046752,37126932978.10958
2026-08-15,304759932570.0,-0.4322068780873313,-0.4259959335396729,183056476848.02173,72031474358.82343,3960300942.1850843,6389451381.990654,4780240770.115526,37263928648.978455
2026-08-16,304662410026.0,-0.537912687541869,-0.5308818779119412,183056390793.85947,71943264557.34076,3960938144.745632,6701492248.140174,4776109324.137646,36981781042.73495
2026-08-17,304662922627.0,-0.6202197235449523,-0.6129687107147407,182983791248.51218,71957870154.45512,3956654760.6475816,6415308400.936122,4767789469.723881,36996906312.90494
2026-08-18,304770865639.0,-0.5999797566551673,-0.5933782233577494,182956296607.02875,72002493093.62721,3965441674.1430526,6425511331.649113,4765290727.21337,36619181817.49349
2026-08-19,304748019588.0,-0.5520228342934852,-0.5459332727764097,182955383415.3212,71968173035.72409,4037508662.1053314,6434673949.553118,4766350323.028334,37004651686.45083
2026-08-20,305441594434.0,-0.24518714420622376,-0.24241548301210267,182979407107.4473,72428961920.92946,4081146198.331226,6406901504.412657,4768842748.168326,36726949554.12637
2026-08-21,306414019095.0,0.011602913210259266,0.011484453548121235,183017061377.756,72881807606.92981,4077597404.0300837,6441276699.93204,4776546325.934304,36721016303.45575
2026-08-22,306685060265.0,0.21972581490175494,0.21732873170976136,183142318161.29477,73516300280.89108,4101862137.637261,6361198093.499795,4779389898.203185,37097430420.66026
2026-08-23,306803423380.0,-0.01616806100956074,-0.016043191385583216,183187571649.75,73612625647.05042,4090765528.242808,6363595819.351017,4784411395.349852,37147527223.25108
2026-08-24,306886168082.0,-0.0009962376475538047,-0.0009891313009735708,183205759085.2471,73689909077.46445,4078995419.6857214,6380689009.508272,4789193998.080503,37452037151.97604
2026-08-25,307018869244.0,0.09615947790364583,0.09546600718383876,183107078775.67792,73844597939.95724,4071353936.226678,6340659100.9385605,4784521413.110941,37517803670.32767
2026-08-26,307298677282.0,0.31801031321895157,0.3154407112213542,183173187637.68668,73865701586.10828,4073132492.9093685,6323229958.779495,4784200344.15727,37761230514.903
2026-08-27,307623290449.0,0.7855562210747896,0.7767099304666095,183299939768.4962,73899835026.86479,4041777194.3431473,6697997005.241687,4778979758.112266,38121894889.49219
2026-08-28,307678816385.0,0.9137464459177994,0.9028008795152273,183330166155.15802,73766207246.11049,4065516528.8148217,6727634239.067211,4814410483.186616,38171525876.422516
2026-08-29,307308505992.0,0.8804462293143679,0.8694606851240507,183384422632.1596,74222383528.3972,4081842955.6005454,6677031670.4536705,4781296990.945128,37570150545.31147
2026-08-30,307218505320.0,1.10058139707393,1.0845613155634146,183342252682.29434,74144845784.94373,4075507727.7289667,6700142770.369855,4810932749.503516,37614641039.988396
2026-08-31,307337066482.0,1.1307684918721943,1.114808988813919,183463618757.97906,74054565134.43689,4082624322.8929315,6688135977.628899,4791861811.967155,38337585088.32849
2026-09-01,307292864580.0,1.1452817862064346,1.1291750037880128,183295628764.67,73592128963.9526,4118205224.644097,6682410501.84102,4797363916.79795,37912253242.401825
2026-09-02,307265283545.0,1.173490826332194,1.1569229022399927,183265098895.2111,73696770308.89484,4219549449.574494,6648963400.499477,4778583871.109952,37629049319.5623
2026-09-03,307630220101.0,1.2070876942266304,1.1913641086109046,183297302272.9941,73889213264.6105,4243473939.3199973,6662428822.319762,4775090400.529302,37306277188.47437
2026-09-04,308676336604.0,1.484701021611889,1.46660709899815,183348219468.1971,74447749027.53871,4274955360.3175354,6620532896.872615,4803418380.407889,37708594246.82324
2026-09-05,308865619966.0,1.4916509998009233,1.4745263754422266,183387690173.21057,74767005593.11433,4333933304.721083,6641637571.781978,4802497515.340302,37613635682.25879
2026-09-06,308927744048.0,1.4639151134086152,1.448045956411348,183389158924.08188,74755954153.11972,4351485402.392936,6605112919.352294,4805067268.768507,37290713614.79147
2026-09-07,308955237485.0,1.4605841438538856,1.4451993630553293,183360150457.17673,74699845698.45164,4369957555.820816,6639680570.730343,4790982807.771609,37721515339.605
2026-09-08,308818960271.0,1.4169227415393173,1.4022044050190858,183369790953.72885,74334998871.28152,4385394002.119919,6656398605.755281,4799620826.803379,37690369821.16882
2026-09-09,309057822174.0,1.4710096832012676,1.456291701112896,183386397112.6201,74454871718.62102,4436660810.893454,6657840135.249415,4782706310.857363,37374114699.7137
2026-09-10,308905223490.0,1.7269585109119399,1.704785659651745,183361766816.01138,74380919344.58595,4466321060.813241,6677074617.864935,4800317306.050958,37276636371.01609
2026-09-11,308547158774.0,1.2953217728874358,1.2828372362385498,183462456728.41653,74201789364.84811,4531925031.271713,6635265458.039986,4772056546.745693,37212116191.90603
2026-09-12,308735800482.0,1.3238279028000173,1.3116853628994716,183516263676.8949,74422694291.36807,4610824262.408263,6682116847.036662,4787011031.952487,37201563900.45514
2026-09-13,308713430563.0,1.349161563782008,1.3365397983070415,183498863641.06564,74396094360.04732,4603242815.140267,6692483544.383465,4786848381.58919,38333263256.09416
2026-09-14,308599085653.0,1.2597302573947082,1.2487822620439382,183335044565.03027,74327383849.40796,4594766844.466455,6728963259.076258,4788589206.165664,38304305429.99019
2026-09-15,308786489508.0,1.3536555040210079,1.34165914837655,183367800155.44687,74397394524.93686,4676747081.992284,6771140564.357362,4788998777.861279,38400932875.93038
2026-09-16,308019810194.0,1.101836593063164,1.0922510237871623,183272421489.38724,73442197277.89745,4700274775.81832,6543850589.745872,4782752814.911918,37918943517.636284
2026-09-17,308007819544.0,1.0620942714498702,1.0534056136316525,183241869153.38104,73767258253.26653,4726371562.407744,6537320778.681239,4778793386.10531,37843037058.15832
2026-09-18,308019607521.0,1.0735387017192037,1.0648573547983824,183227722204.23254,73871839549.15582,4737570290.529685,6551504241.178421,4768376441.069009,37656363725.87027
2026-09-19,308517994740.0,1.0071975664286126,1.001480542279909,183295805804.66718,74428118896.86774,4804695435.796317,6580389737.93564,4792958517.267859,38001614303.47198
2026-09-20,308494066876.0,0.6788357096530581,0.677237936206911,183272950504.272,75383806264.0369,4843367293.992774,6581557987.224234,4801419587.189931,36896339430.07103
2026-09-21,308676709792.0,0.6494119815549732,0.6485550719158186,183296439662.47345,75315137985.92114,4868594446.858465,6604163991.957221,4807597624.793163,36921929069.91034
2026-09-22,310349625823.0,1.1558549131988503,1.1548543548841126,183482747969.2579,74785171383.73717,4921255278.660525,6520337347.635482,4785929009.349485,37518125526.9541
2026-09-23,307918173387.0,0.3362827694222596,0.3361304421404741,183369060613.46274,75370003797.89362,4892794783.080897,6539950070.309797,4813635461.528207,37356662758.34512
2026-09-24,307161812723.0,0.04655853216839164,0.04656569449737599,183502174112.53815,75561402030.18646,4891485957.788993,6573065478.557589,4802878581.890018,36984862177.62249
2026-09-25,308512905448.0,0.3951296428411679,0.3955801250727092,183692188502.405,75552192079.67235,4897532597.830292,6602901703.756007,4789579301.140885,36609367723.4099
2026-09-26,307796037980.0,0.05615554360265168,0.056284603823657284,183756070900.86765,75577115193.52625,4935224955.188739,6656493990.373596,4799640189.079227,37181684011.36229
2026-09-27,310086306934.0,0.7824687371351219,0.784412656972616,183746668140.5495,75390737662.14665,4942635018.667111,6675374091.519733,4797574505.182402,37477789656.41995
2026-09-28,311470047825.0,1.354190252419611,1.3558268292697144,183744761898.71008,75313689564.99289,4948293990.39756,6680162869.074311,4825145914.842469,37457352494.437836
2026-09-29,311261810601.0,1.3161008243264765,1.317188712556051,183790981943.45184,74837847047.26796,4905209723.42886,6681294190.059313,4808330127.615764,38128016801.21623
2026-09-30,311200297805.0,1.2570014307812951,1.2584238104867354,183770021633.9414,74515352946.4677,4902225594.770021,6898821363.171358,4805559455.949745,37811958287.58692
2026-10-01,310646843847.57,1.0914601847830538,1.0924629225361142,183770718161.56235,74147142328.38689,4863114661.344238,6836557134.489276,4796803712.878068,38182049942.81664
